<Anims>
 <anim name="idle_90s" root="strawberries" numframes="1000" framerate="40">
  <frame idx="0" w="150" h="125" x="-13.000000" y="-14.000000">
   <element name="Project/strawberries01" layername="strawberrie" frame="0" z_index="2" m_a="1.000000" m_b="0.000000" m_c="0.000000" m_d="1.000000" m_tx="-63.000000" m_ty="-54.000000"/>
  </frame>
  <frame idx="25" w="150" h="125" x="-13.000000" y="-14.000000">
   <element name="Project/strawberries01" layername="strawberrie" frame="0" z_index="2" m_a="1.000000" m_b="0.000000" m_c="0.000000" m_d="1.000000" m_tx="-63.000000" m_ty="-54.000000"/>
  </frame>
  <frame idx="50" w="150" h="125" x="-13.000000" y="-14.000000">
   <element name="Project/strawberries01" layername="strawberrie" frame="0" z_index="2" m_a="1.000000" m_b="0.000000" m_c="0.000000" m_d="1.000000" m_tx="-63.000000" m_ty="-54.000000"/>
  </frame>
  <frame idx="75" w="150" h="125" x="-13.000000" y="-14.000000">
   <element name="Project/strawberries01" layername="strawberrie" frame="0" z_index="2" m_a="1.000000" m_b="0.000000" m_c="0.000000" m_d="1.000000" m_tx="-63.000000" m_ty="-54.000000"/>
  </frame>
  <frame idx="100" w="150" h="125" x="-13.000000" y="-14.000000">
   <element name="Project/strawberries01" layername="strawberrie" frame="0" z_index="2" m_a="1.000000" m_b="0.000000" m_c="0.000000" m_d="1.000000" m_tx="-63.000000" m_ty="-54.000000"/>
  </frame>
  <frame idx="125" w="150" h="125" x="-13.000000" y="-14.000000">
   <element name="Project/strawberries01" layername="strawberrie" frame="0" z_index="2" m_a="1.000000" m_b="0.000000" m_c="0.000000" m_d="1.000000" m_tx="-63.000000" m_ty="-54.000000"/>
  </frame>
  <frame idx="150" w="150" h="125" x="-13.000000" y="-14.000000">
   <element name="Project/strawberries01" layername="strawberrie" frame="0" z_index="2" m_a="1.000000" m_b="0.000000" m_c="0.000000" m_d="1.000000" m_tx="-63.000000" m_ty="-54.000000"/>
  </frame>
  <frame idx="175" w="150" h="125" x="-13.000000" y="-14.000000">
   <element name="Project/strawberries01" layername="strawberrie" frame="0" z_index="2" m_a="1.000000" m_b="0.000000" m_c="0.000000" m_d="1.000000" m_tx="-63.000000" m_ty="-54.000000"/>
  </frame>
  <frame idx="200" w="150" h="125" x="-13.000000" y="-14.000000">
   <element name="Project/strawberries01" layername="strawberrie" frame="0" z_index="2" m_a="1.000000" m_b="0.000000" m_c="0.000000" m_d="1.000000" m_tx="-63.000000" m_ty="-54.000000"/>
  </frame>
  <frame idx="225" w="150" h="125" x="-13.000000" y="-14.000000">
   <element name="Project/strawberries01" layername="strawberrie" frame="0" z_index="2" m_a="1.000000" m_b="0.000000" m_c="0.000000" m_d="1.000000" m_tx="-63.000000" m_ty="-54.000000"/>
  </frame>
  <frame idx="250" w="150" h="125" x="-13.000000" y="-14.000000">
   <element name="Project/strawberries01" layername="strawberrie" frame="0" z_index="2" m_a="1.000000" m_b="0.000000" m_c="0.000000" m_d="1.000000" m_tx="-63.000000" m_ty="-54.000000"/>
  </frame>
  <frame idx="275" w="150" h="125" x="-13.000000" y="-14.000000">
   <element name="Project/strawberries01" layername="strawberrie" frame="0" z_index="2" m_a="1.000000" m_b="0.000000" m_c="0.000000" m_d="1.000000" m_tx="-63.000000" m_ty="-54.000000"/>
  </frame>
  <frame idx="300" w="150" h="125" x="-13.000000" y="-14.000000">
   <element name="Project/strawberries01" layername="strawberrie" frame="0" z_index="2" m_a="1.000000" m_b="0.000000" m_c="0.000000" m_d="1.000000" m_tx="-63.000000" m_ty="-54.000000"/>
  </frame>
  <frame idx="325" w="150" h="125" x="-13.000000" y="-14.000000">
   <element name="Project/strawberries01" layername="strawberrie" frame="0" z_index="2" m_a="1.000000" m_b="0.000000" m_c="0.000000" m_d="1.000000" m_tx="-63.000000" m_ty="-54.000000"/>
  </frame>
  <frame idx="350" w="150" h="125" x="-13.000000" y="-14.000000">
   <element name="Project/strawberries01" layername="strawberrie" frame="0" z_index="2" m_a="1.000000" m_b="0.000000" m_c="0.000000" m_d="1.000000" m_tx="-63.000000" m_ty="-54.000000"/>
  </frame>
  <frame idx="375" w="150" h="125" x="-13.000000" y="-14.000000">
   <element name="Project/strawberries01" layername="strawberrie" frame="0" z_index="2" m_a="1.000000" m_b="0.000000" m_c="0.000000" m_d="1.000000" m_tx="-63.000000" m_ty="-54.000000"/>
  </frame>
  <frame idx="400" w="150" h="125" x="-13.000000" y="-14.000000">
   <element name="Project/strawberries01" layername="strawberrie" frame="0" z_index="2" m_a="1.000000" m_b="0.000000" m_c="0.000000" m_d="1.000000" m_tx="-63.000000" m_ty="-54.000000"/>
  </frame>
  <frame idx="425" w="150" h="125" x="-13.000000" y="-14.000000">
   <element name="Project/strawberries01" layername="strawberrie" frame="0" z_index="2" m_a="1.000000" m_b="0.000000" m_c="0.000000" m_d="1.000000" m_tx="-63.000000" m_ty="-54.000000"/>
  </frame>
  <frame idx="450" w="150" h="125" x="-13.000000" y="-14.000000">
   <element name="Project/strawberries01" layername="strawberrie" frame="0" z_index="2" m_a="1.000000" m_b="0.000000" m_c="0.000000" m_d="1.000000" m_tx="-63.000000" m_ty="-54.000000"/>
  </frame>
  <frame idx="475" w="150" h="125" x="-13.000000" y="-14.000000">
   <element name="Project/strawberries01" layername="strawberrie" frame="0" z_index="2" m_a="1.000000" m_b="0.000000" m_c="0.000000" m_d="1.000000" m_tx="-63.000000" m_ty="-54.000000"/>
  </frame>
  <frame idx="500" w="150" h="125" x="-13.000000" y="-14.000000">
   <element name="Project/strawberries01" layername="strawberrie" frame="0" z_index="2" m_a="1.000000" m_b="0.000000" m_c="0.000000" m_d="1.000000" m_tx="-63.000000" m_ty="-54.000000"/>
  </frame>
  <frame idx="525" w="150" h="125" x="-13.000000" y="-14.000000">
   <element name="Project/strawberries01" layername="strawberrie" frame="0" z_index="2" m_a="1.000000" m_b="0.000000" m_c="0.000000" m_d="1.000000" m_tx="-63.000000" m_ty="-54.000000"/>
  </frame>
  <frame idx="550" w="150" h="125" x="-13.000000" y="-14.000000">
   <element name="Project/strawberries01" layername="strawberrie" frame="0" z_index="2" m_a="1.000000" m_b="0.000000" m_c="0.000000" m_d="1.000000" m_tx="-63.000000" m_ty="-54.000000"/>
  </frame>
  <frame idx="575" w="150" h="125" x="-13.000000" y="-14.000000">
   <element name="Project/strawberries01" layername="strawberrie" frame="0" z_index="2" m_a="1.000000" m_b="0.000000" m_c="0.000000" m_d="1.000000" m_tx="-63.000000" m_ty="-54.000000"/>
  </frame>
  <frame idx="600" w="150" h="125" x="-13.000000" y="-14.000000">
   <element name="Project/strawberries01" layername="strawberrie" frame="0" z_index="2" m_a="1.000000" m_b="0.000000" m_c="0.000000" m_d="1.000000" m_tx="-63.000000" m_ty="-54.000000"/>
  </frame>
  <frame idx="625" w="150" h="125" x="-13.000000" y="-14.000000">
   <element name="Project/strawberries01" layername="strawberrie" frame="0" z_index="2" m_a="1.000000" m_b="0.000000" m_c="0.000000" m_d="1.000000" m_tx="-63.000000" m_ty="-54.000000"/>
  </frame>
  <frame idx="650" w="150" h="125" x="-13.000000" y="-14.000000">
   <element name="Project/strawberries01" layername="strawberrie" frame="0" z_index="2" m_a="1.000000" m_b="0.000000" m_c="0.000000" m_d="1.000000" m_tx="-63.000000" m_ty="-54.000000"/>
  </frame>
  <frame idx="675" w="150" h="125" x="-13.000000" y="-14.000000">
   <element name="Project/strawberries01" layername="strawberrie" frame="0" z_index="2" m_a="1.000000" m_b="0.000000" m_c="0.000000" m_d="1.000000" m_tx="-63.000000" m_ty="-54.000000"/>
  </frame>
  <frame idx="700" w="150" h="125" x="-13.000000" y="-14.000000">
   <element name="Project/strawberries01" layername="strawberrie" frame="0" z_index="2" m_a="1.000000" m_b="0.000000" m_c="0.000000" m_d="1.000000" m_tx="-63.000000" m_ty="-54.000000"/>
  </frame>
  <frame idx="725" w="150" h="125" x="-13.000000" y="-14.000000">
   <element name="Project/strawberries01" layername="strawberrie" frame="0" z_index="2" m_a="1.000000" m_b="0.000000" m_c="0.000000" m_d="1.000000" m_tx="-63.000000" m_ty="-54.000000"/>
  </frame>
  <frame idx="750" w="150" h="125" x="-13.000000" y="-14.000000">
   <element name="Project/strawberries01" layername="strawberrie" frame="0" z_index="2" m_a="1.000000" m_b="0.000000" m_c="0.000000" m_d="1.000000" m_tx="-63.000000" m_ty="-54.000000"/>
  </frame>
  <frame idx="775" w="150" h="125" x="-13.000000" y="-14.000000">
   <element name="Project/strawberries01" layername="strawberrie" frame="0" z_index="2" m_a="1.000000" m_b="0.000000" m_c="0.000000" m_d="1.000000" m_tx="-63.000000" m_ty="-54.000000"/>
  </frame>
  <frame idx="800" w="150" h="125" x="-13.000000" y="-14.000000">
   <element name="Project/strawberries01" layername="strawberrie" frame="0" z_index="2" m_a="1.000000" m_b="0.000000" m_c="0.000000" m_d="1.000000" m_tx="-63.000000" m_ty="-54.000000"/>
  </frame>
  <frame idx="825" w="150" h="125" x="-13.000000" y="-14.000000">
   <element name="Project/strawberries01" layername="strawberrie" frame="0" z_index="2" m_a="1.000000" m_b="0.000000" m_c="0.000000" m_d="1.000000" m_tx="-63.000000" m_ty="-54.000000"/>
  </frame>
  <frame idx="850" w="150" h="125" x="-13.000000" y="-14.000000">
   <element name="Project/strawberries01" layername="strawberrie" frame="0" z_index="2" m_a="1.000000" m_b="0.000000" m_c="0.000000" m_d="1.000000" m_tx="-63.000000" m_ty="-54.000000"/>
  </frame>
  <frame idx="875" w="150" h="125" x="-13.000000" y="-14.000000">
   <element name="Project/strawberries01" layername="strawberrie" frame="0" z_index="2" m_a="1.000000" m_b="0.000000" m_c="0.000000" m_d="1.000000" m_tx="-63.000000" m_ty="-54.000000"/>
  </frame>
  <frame idx="900" w="150" h="125" x="-13.000000" y="-14.000000">
   <element name="Project/strawberries01" layername="strawberrie" frame="0" z_index="2" m_a="1.000000" m_b="0.000000" m_c="0.000000" m_d="1.000000" m_tx="-63.000000" m_ty="-54.000000"/>
  </frame>
  <frame idx="925" w="150" h="125" x="-13.000000" y="-14.000000">
   <element name="Project/strawberries01" layername="strawberrie" frame="0" z_index="2" m_a="1.000000" m_b="0.000000" m_c="0.000000" m_d="1.000000" m_tx="-63.000000" m_ty="-54.000000"/>
  </frame>
  <frame idx="950" w="150" h="125" x="-13.000000" y="-14.000000">
   <element name="Project/strawberries01" layername="strawberrie" frame="0" z_index="2" m_a="1.000000" m_b="0.000000" m_c="0.000000" m_d="1.000000" m_tx="-63.000000" m_ty="-54.000000"/>
  </frame>
  <frame idx="975" w="150" h="125" x="-13.000000" y="-14.000000">
   <element name="Project/strawberries01" layername="strawberrie" frame="0" z_index="2" m_a="1.000000" m_b="0.000000" m_c="0.000000" m_d="1.000000" m_tx="-63.000000" m_ty="-54.000000"/>
  </frame>
 </anim>
 <anim name="cooked_90s" root="strawberries" numframes="1000" framerate="40">
  <frame idx="0" w="158" h="190" x="-13.000000" y="-40.500000">
   <element name="Project/strawberries01" layername="strawberrie" frame="1" z_index="2" m_a="1.000000" m_b="0.000000" m_c="0.000000" m_d="1.000000" m_tx="-65.000000" m_ty="-91.000000"/>
  </frame>
  <frame idx="25" w="158" h="190" x="-13.000000" y="-40.500000">
   <element name="Project/strawberries01" layername="strawberrie" frame="1" z_index="2" m_a="1.000000" m_b="0.000000" m_c="0.000000" m_d="1.000000" m_tx="-65.000000" m_ty="-91.000000"/>
  </frame>
  <frame idx="50" w="158" h="190" x="-13.000000" y="-40.500000">
   <element name="Project/strawberries01" layername="strawberrie" frame="1" z_index="2" m_a="1.000000" m_b="0.000000" m_c="0.000000" m_d="1.000000" m_tx="-65.000000" m_ty="-91.000000"/>
  </frame>
  <frame idx="75" w="158" h="190" x="-13.000000" y="-40.500000">
   <element name="Project/strawberries01" layername="strawberrie" frame="1" z_index="2" m_a="1.000000" m_b="0.000000" m_c="0.000000" m_d="1.000000" m_tx="-65.000000" m_ty="-91.000000"/>
  </frame>
  <frame idx="100" w="158" h="190" x="-13.000000" y="-40.500000">
   <element name="Project/strawberries01" layername="strawberrie" frame="1" z_index="2" m_a="1.000000" m_b="0.000000" m_c="0.000000" m_d="1.000000" m_tx="-65.000000" m_ty="-91.000000"/>
  </frame>
  <frame idx="125" w="158" h="190" x="-13.000000" y="-40.500000">
   <element name="Project/strawberries01" layername="strawberrie" frame="1" z_index="2" m_a="1.000000" m_b="0.000000" m_c="0.000000" m_d="1.000000" m_tx="-65.000000" m_ty="-91.000000"/>
  </frame>
  <frame idx="150" w="158" h="190" x="-13.000000" y="-40.500000">
   <element name="Project/strawberries01" layername="strawberrie" frame="1" z_index="2" m_a="1.000000" m_b="0.000000" m_c="0.000000" m_d="1.000000" m_tx="-65.000000" m_ty="-91.000000"/>
  </frame>
  <frame idx="175" w="158" h="190" x="-13.000000" y="-40.500000">
   <element name="Project/strawberries01" layername="strawberrie" frame="1" z_index="2" m_a="1.000000" m_b="0.000000" m_c="0.000000" m_d="1.000000" m_tx="-65.000000" m_ty="-91.000000"/>
  </frame>
  <frame idx="200" w="158" h="190" x="-13.000000" y="-40.500000">
   <element name="Project/strawberries01" layername="strawberrie" frame="1" z_index="2" m_a="1.000000" m_b="0.000000" m_c="0.000000" m_d="1.000000" m_tx="-65.000000" m_ty="-91.000000"/>
  </frame>
  <frame idx="225" w="158" h="190" x="-13.000000" y="-40.500000">
   <element name="Project/strawberries01" layername="strawberrie" frame="1" z_index="2" m_a="1.000000" m_b="0.000000" m_c="0.000000" m_d="1.000000" m_tx="-65.000000" m_ty="-91.000000"/>
  </frame>
  <frame idx="250" w="158" h="190" x="-13.000000" y="-40.500000">
   <element name="Project/strawberries01" layername="strawberrie" frame="1" z_index="2" m_a="1.000000" m_b="0.000000" m_c="0.000000" m_d="1.000000" m_tx="-65.000000" m_ty="-91.000000"/>
  </frame>
  <frame idx="275" w="158" h="190" x="-13.000000" y="-40.500000">
   <element name="Project/strawberries01" layername="strawberrie" frame="1" z_index="2" m_a="1.000000" m_b="0.000000" m_c="0.000000" m_d="1.000000" m_tx="-65.000000" m_ty="-91.000000"/>
  </frame>
  <frame idx="300" w="158" h="190" x="-13.000000" y="-40.500000">
   <element name="Project/strawberries01" layername="strawberrie" frame="1" z_index="2" m_a="1.000000" m_b="0.000000" m_c="0.000000" m_d="1.000000" m_tx="-65.000000" m_ty="-91.000000"/>
  </frame>
  <frame idx="325" w="158" h="190" x="-13.000000" y="-40.500000">
   <element name="Project/strawberries01" layername="strawberrie" frame="1" z_index="2" m_a="1.000000" m_b="0.000000" m_c="0.000000" m_d="1.000000" m_tx="-65.000000" m_ty="-91.000000"/>
  </frame>
  <frame idx="350" w="158" h="190" x="-13.000000" y="-40.500000">
   <element name="Project/strawberries01" layername="strawberrie" frame="1" z_index="2" m_a="1.000000" m_b="0.000000" m_c="0.000000" m_d="1.000000" m_tx="-65.000000" m_ty="-91.000000"/>
  </frame>
  <frame idx="375" w="158" h="190" x="-13.000000" y="-40.500000">
   <element name="Project/strawberries01" layername="strawberrie" frame="1" z_index="2" m_a="1.000000" m_b="0.000000" m_c="0.000000" m_d="1.000000" m_tx="-65.000000" m_ty="-91.000000"/>
  </frame>
  <frame idx="400" w="158" h="190" x="-13.000000" y="-40.500000">
   <element name="Project/strawberries01" layername="strawberrie" frame="1" z_index="2" m_a="1.000000" m_b="0.000000" m_c="0.000000" m_d="1.000000" m_tx="-65.000000" m_ty="-91.000000"/>
  </frame>
  <frame idx="425" w="158" h="190" x="-13.000000" y="-40.500000">
   <element name="Project/strawberries01" layername="strawberrie" frame="1" z_index="2" m_a="1.000000" m_b="0.000000" m_c="0.000000" m_d="1.000000" m_tx="-65.000000" m_ty="-91.000000"/>
  </frame>
  <frame idx="450" w="158" h="190" x="-13.000000" y="-40.500000">
   <element name="Project/strawberries01" layername="strawberrie" frame="1" z_index="2" m_a="1.000000" m_b="0.000000" m_c="0.000000" m_d="1.000000" m_tx="-65.000000" m_ty="-91.000000"/>
  </frame>
  <frame idx="475" w="158" h="190" x="-13.000000" y="-40.500000">
   <element name="Project/strawberries01" layername="strawberrie" frame="1" z_index="2" m_a="1.000000" m_b="0.000000" m_c="0.000000" m_d="1.000000" m_tx="-65.000000" m_ty="-91.000000"/>
  </frame>
  <frame idx="500" w="158" h="190" x="-13.000000" y="-40.500000">
   <element name="Project/strawberries01" layername="strawberrie" frame="1" z_index="2" m_a="1.000000" m_b="0.000000" m_c="0.000000" m_d="1.000000" m_tx="-65.000000" m_ty="-91.000000"/>
  </frame>
  <frame idx="525" w="158" h="190" x="-13.000000" y="-40.500000">
   <element name="Project/strawberries01" layername="strawberrie" frame="1" z_index="2" m_a="1.000000" m_b="0.000000" m_c="0.000000" m_d="1.000000" m_tx="-65.000000" m_ty="-91.000000"/>
  </frame>
  <frame idx="550" w="158" h="190" x="-13.000000" y="-40.500000">
   <element name="Project/strawberries01" layername="strawberrie" frame="1" z_index="2" m_a="1.000000" m_b="0.000000" m_c="0.000000" m_d="1.000000" m_tx="-65.000000" m_ty="-91.000000"/>
  </frame>
  <frame idx="575" w="158" h="190" x="-13.000000" y="-40.500000">
   <element name="Project/strawberries01" layername="strawberrie" frame="1" z_index="2" m_a="1.000000" m_b="0.000000" m_c="0.000000" m_d="1.000000" m_tx="-65.000000" m_ty="-91.000000"/>
  </frame>
  <frame idx="600" w="158" h="190" x="-13.000000" y="-40.500000">
   <element name="Project/strawberries01" layername="strawberrie" frame="1" z_index="2" m_a="1.000000" m_b="0.000000" m_c="0.000000" m_d="1.000000" m_tx="-65.000000" m_ty="-91.000000"/>
  </frame>
  <frame idx="625" w="158" h="190" x="-13.000000" y="-40.500000">
   <element name="Project/strawberries01" layername="strawberrie" frame="1" z_index="2" m_a="1.000000" m_b="0.000000" m_c="0.000000" m_d="1.000000" m_tx="-65.000000" m_ty="-91.000000"/>
  </frame>
  <frame idx="650" w="158" h="190" x="-13.000000" y="-40.500000">
   <element name="Project/strawberries01" layername="strawberrie" frame="1" z_index="2" m_a="1.000000" m_b="0.000000" m_c="0.000000" m_d="1.000000" m_tx="-65.000000" m_ty="-91.000000"/>
  </frame>
  <frame idx="675" w="158" h="190" x="-13.000000" y="-40.500000">
   <element name="Project/strawberries01" layername="strawberrie" frame="1" z_index="2" m_a="1.000000" m_b="0.000000" m_c="0.000000" m_d="1.000000" m_tx="-65.000000" m_ty="-91.000000"/>
  </frame>
  <frame idx="700" w="158" h="190" x="-13.000000" y="-40.500000">
   <element name="Project/strawberries01" layername="strawberrie" frame="1" z_index="2" m_a="1.000000" m_b="0.000000" m_c="0.000000" m_d="1.000000" m_tx="-65.000000" m_ty="-91.000000"/>
  </frame>
  <frame idx="725" w="158" h="190" x="-13.000000" y="-40.500000">
   <element name="Project/strawberries01" layername="strawberrie" frame="1" z_index="2" m_a="1.000000" m_b="0.000000" m_c="0.000000" m_d="1.000000" m_tx="-65.000000" m_ty="-91.000000"/>
  </frame>
  <frame idx="750" w="158" h="190" x="-13.000000" y="-40.500000">
   <element name="Project/strawberries01" layername="strawberrie" frame="1" z_index="2" m_a="1.000000" m_b="0.000000" m_c="0.000000" m_d="1.000000" m_tx="-65.000000" m_ty="-91.000000"/>
  </frame>
  <frame idx="775" w="158" h="190" x="-13.000000" y="-40.500000">
   <element name="Project/strawberries01" layername="strawberrie" frame="1" z_index="2" m_a="1.000000" m_b="0.000000" m_c="0.000000" m_d="1.000000" m_tx="-65.000000" m_ty="-91.000000"/>
  </frame>
  <frame idx="800" w="158" h="190" x="-13.000000" y="-40.500000">
   <element name="Project/strawberries01" layername="strawberrie" frame="1" z_index="2" m_a="1.000000" m_b="0.000000" m_c="0.000000" m_d="1.000000" m_tx="-65.000000" m_ty="-91.000000"/>
  </frame>
  <frame idx="825" w="158" h="190" x="-13.000000" y="-40.500000">
   <element name="Project/strawberries01" layername="strawberrie" frame="1" z_index="2" m_a="1.000000" m_b="0.000000" m_c="0.000000" m_d="1.000000" m_tx="-65.000000" m_ty="-91.000000"/>
  </frame>
  <frame idx="850" w="158" h="190" x="-13.000000" y="-40.500000">
   <element name="Project/strawberries01" layername="strawberrie" frame="1" z_index="2" m_a="1.000000" m_b="0.000000" m_c="0.000000" m_d="1.000000" m_tx="-65.000000" m_ty="-91.000000"/>
  </frame>
  <frame idx="875" w="158" h="190" x="-13.000000" y="-40.500000">
   <element name="Project/strawberries01" layername="strawberrie" frame="1" z_index="2" m_a="1.000000" m_b="0.000000" m_c="0.000000" m_d="1.000000" m_tx="-65.000000" m_ty="-91.000000"/>
  </frame>
  <frame idx="900" w="158" h="190" x="-13.000000" y="-40.500000">
   <element name="Project/strawberries01" layername="strawberrie" frame="1" z_index="2" m_a="1.000000" m_b="0.000000" m_c="0.000000" m_d="1.000000" m_tx="-65.000000" m_ty="-91.000000"/>
  </frame>
  <frame idx="925" w="158" h="190" x="-13.000000" y="-40.500000">
   <element name="Project/strawberries01" layername="strawberrie" frame="1" z_index="2" m_a="1.000000" m_b="0.000000" m_c="0.000000" m_d="1.000000" m_tx="-65.000000" m_ty="-91.000000"/>
  </frame>
  <frame idx="950" w="158" h="190" x="-13.000000" y="-40.500000">
   <element name="Project/strawberries01" layername="strawberrie" frame="1" z_index="2" m_a="1.000000" m_b="0.000000" m_c="0.000000" m_d="1.000000" m_tx="-65.000000" m_ty="-91.000000"/>
  </frame>
  <frame idx="975" w="158" h="190" x="-13.000000" y="-40.500000">
   <element name="Project/strawberries01" layername="strawberrie" frame="1" z_index="2" m_a="1.000000" m_b="0.000000" m_c="0.000000" m_d="1.000000" m_tx="-65.000000" m_ty="-91.000000"/>
  </frame>
 </anim>
</Anims>
