<Anims>
 <anim name="idle_90s" root="blueberries" numframes="1000" framerate="40">
  <frame idx="0" w="118" h="144" x="1.000000" y="-27.500000">
   <element name="Project/blueberries01" layername="blueberrie" frame="0" z_index="2" m_a="1.000000" m_b="0.000000" m_c="0.000000" m_d="1.000000" m_tx="-38.000000" m_ty="-62.000000"/>
  </frame>
  <frame idx="25" w="118" h="144" x="1.000000" y="-27.500000">
   <element name="Project/blueberries01" layername="blueberrie" frame="0" z_index="2" m_a="1.000000" m_b="0.000000" m_c="0.000000" m_d="1.000000" m_tx="-38.000000" m_ty="-62.000000"/>
  </frame>
  <frame idx="50" w="118" h="144" x="1.000000" y="-27.500000">
   <element name="Project/blueberries01" layername="blueberrie" frame="0" z_index="2" m_a="1.000000" m_b="0.000000" m_c="0.000000" m_d="1.000000" m_tx="-38.000000" m_ty="-62.000000"/>
  </frame>
  <frame idx="75" w="118" h="144" x="1.000000" y="-27.500000">
   <element name="Project/blueberries01" layername="blueberrie" frame="0" z_index="2" m_a="1.000000" m_b="0.000000" m_c="0.000000" m_d="1.000000" m_tx="-38.000000" m_ty="-62.000000"/>
  </frame>
  <frame idx="100" w="118" h="144" x="1.000000" y="-27.500000">
   <element name="Project/blueberries01" layername="blueberrie" frame="0" z_index="2" m_a="1.000000" m_b="0.000000" m_c="0.000000" m_d="1.000000" m_tx="-38.000000" m_ty="-62.000000"/>
  </frame>
  <frame idx="125" w="118" h="144" x="1.000000" y="-27.500000">
   <element name="Project/blueberries01" layername="blueberrie" frame="0" z_index="2" m_a="1.000000" m_b="0.000000" m_c="0.000000" m_d="1.000000" m_tx="-38.000000" m_ty="-62.000000"/>
  </frame>
  <frame idx="150" w="118" h="144" x="1.000000" y="-27.500000">
   <element name="Project/blueberries01" layername="blueberrie" frame="0" z_index="2" m_a="1.000000" m_b="0.000000" m_c="0.000000" m_d="1.000000" m_tx="-38.000000" m_ty="-62.000000"/>
  </frame>
  <frame idx="175" w="118" h="144" x="1.000000" y="-27.500000">
   <element name="Project/blueberries01" layername="blueberrie" frame="0" z_index="2" m_a="1.000000" m_b="0.000000" m_c="0.000000" m_d="1.000000" m_tx="-38.000000" m_ty="-62.000000"/>
  </frame>
  <frame idx="200" w="118" h="144" x="1.000000" y="-27.500000">
   <element name="Project/blueberries01" layername="blueberrie" frame="0" z_index="2" m_a="1.000000" m_b="0.000000" m_c="0.000000" m_d="1.000000" m_tx="-38.000000" m_ty="-62.000000"/>
  </frame>
  <frame idx="225" w="118" h="144" x="1.000000" y="-27.500000">
   <element name="Project/blueberries01" layername="blueberrie" frame="0" z_index="2" m_a="1.000000" m_b="0.000000" m_c="0.000000" m_d="1.000000" m_tx="-38.000000" m_ty="-62.000000"/>
  </frame>
  <frame idx="250" w="118" h="144" x="1.000000" y="-27.500000">
   <element name="Project/blueberries01" layername="blueberrie" frame="0" z_index="2" m_a="1.000000" m_b="0.000000" m_c="0.000000" m_d="1.000000" m_tx="-38.000000" m_ty="-62.000000"/>
  </frame>
  <frame idx="275" w="118" h="144" x="1.000000" y="-27.500000">
   <element name="Project/blueberries01" layername="blueberrie" frame="0" z_index="2" m_a="1.000000" m_b="0.000000" m_c="0.000000" m_d="1.000000" m_tx="-38.000000" m_ty="-62.000000"/>
  </frame>
  <frame idx="300" w="118" h="144" x="1.000000" y="-27.500000">
   <element name="Project/blueberries01" layername="blueberrie" frame="0" z_index="2" m_a="1.000000" m_b="0.000000" m_c="0.000000" m_d="1.000000" m_tx="-38.000000" m_ty="-62.000000"/>
  </frame>
  <frame idx="325" w="118" h="144" x="1.000000" y="-27.500000">
   <element name="Project/blueberries01" layername="blueberrie" frame="0" z_index="2" m_a="1.000000" m_b="0.000000" m_c="0.000000" m_d="1.000000" m_tx="-38.000000" m_ty="-62.000000"/>
  </frame>
  <frame idx="350" w="118" h="144" x="1.000000" y="-27.500000">
   <element name="Project/blueberries01" layername="blueberrie" frame="0" z_index="2" m_a="1.000000" m_b="0.000000" m_c="0.000000" m_d="1.000000" m_tx="-38.000000" m_ty="-62.000000"/>
  </frame>
  <frame idx="375" w="118" h="144" x="1.000000" y="-27.500000">
   <element name="Project/blueberries01" layername="blueberrie" frame="0" z_index="2" m_a="1.000000" m_b="0.000000" m_c="0.000000" m_d="1.000000" m_tx="-38.000000" m_ty="-62.000000"/>
  </frame>
  <frame idx="400" w="118" h="144" x="1.000000" y="-27.500000">
   <element name="Project/blueberries01" layername="blueberrie" frame="0" z_index="2" m_a="1.000000" m_b="0.000000" m_c="0.000000" m_d="1.000000" m_tx="-38.000000" m_ty="-62.000000"/>
  </frame>
  <frame idx="425" w="118" h="144" x="1.000000" y="-27.500000">
   <element name="Project/blueberries01" layername="blueberrie" frame="0" z_index="2" m_a="1.000000" m_b="0.000000" m_c="0.000000" m_d="1.000000" m_tx="-38.000000" m_ty="-62.000000"/>
  </frame>
  <frame idx="450" w="118" h="144" x="1.000000" y="-27.500000">
   <element name="Project/blueberries01" layername="blueberrie" frame="0" z_index="2" m_a="1.000000" m_b="0.000000" m_c="0.000000" m_d="1.000000" m_tx="-38.000000" m_ty="-62.000000"/>
  </frame>
  <frame idx="475" w="118" h="144" x="1.000000" y="-27.500000">
   <element name="Project/blueberries01" layername="blueberrie" frame="0" z_index="2" m_a="1.000000" m_b="0.000000" m_c="0.000000" m_d="1.000000" m_tx="-38.000000" m_ty="-62.000000"/>
  </frame>
  <frame idx="500" w="118" h="144" x="1.000000" y="-27.500000">
   <element name="Project/blueberries01" layername="blueberrie" frame="0" z_index="2" m_a="1.000000" m_b="0.000000" m_c="0.000000" m_d="1.000000" m_tx="-38.000000" m_ty="-62.000000"/>
  </frame>
  <frame idx="525" w="118" h="144" x="1.000000" y="-27.500000">
   <element name="Project/blueberries01" layername="blueberrie" frame="0" z_index="2" m_a="1.000000" m_b="0.000000" m_c="0.000000" m_d="1.000000" m_tx="-38.000000" m_ty="-62.000000"/>
  </frame>
  <frame idx="550" w="118" h="144" x="1.000000" y="-27.500000">
   <element name="Project/blueberries01" layername="blueberrie" frame="0" z_index="2" m_a="1.000000" m_b="0.000000" m_c="0.000000" m_d="1.000000" m_tx="-38.000000" m_ty="-62.000000"/>
  </frame>
  <frame idx="575" w="118" h="144" x="1.000000" y="-27.500000">
   <element name="Project/blueberries01" layername="blueberrie" frame="0" z_index="2" m_a="1.000000" m_b="0.000000" m_c="0.000000" m_d="1.000000" m_tx="-38.000000" m_ty="-62.000000"/>
  </frame>
  <frame idx="600" w="118" h="144" x="1.000000" y="-27.500000">
   <element name="Project/blueberries01" layername="blueberrie" frame="0" z_index="2" m_a="1.000000" m_b="0.000000" m_c="0.000000" m_d="1.000000" m_tx="-38.000000" m_ty="-62.000000"/>
  </frame>
  <frame idx="625" w="118" h="144" x="1.000000" y="-27.500000">
   <element name="Project/blueberries01" layername="blueberrie" frame="0" z_index="2" m_a="1.000000" m_b="0.000000" m_c="0.000000" m_d="1.000000" m_tx="-38.000000" m_ty="-62.000000"/>
  </frame>
  <frame idx="650" w="118" h="144" x="1.000000" y="-27.500000">
   <element name="Project/blueberries01" layername="blueberrie" frame="0" z_index="2" m_a="1.000000" m_b="0.000000" m_c="0.000000" m_d="1.000000" m_tx="-38.000000" m_ty="-62.000000"/>
  </frame>
  <frame idx="675" w="118" h="144" x="1.000000" y="-27.500000">
   <element name="Project/blueberries01" layername="blueberrie" frame="0" z_index="2" m_a="1.000000" m_b="0.000000" m_c="0.000000" m_d="1.000000" m_tx="-38.000000" m_ty="-62.000000"/>
  </frame>
  <frame idx="700" w="118" h="144" x="1.000000" y="-27.500000">
   <element name="Project/blueberries01" layername="blueberrie" frame="0" z_index="2" m_a="1.000000" m_b="0.000000" m_c="0.000000" m_d="1.000000" m_tx="-38.000000" m_ty="-62.000000"/>
  </frame>
  <frame idx="725" w="118" h="144" x="1.000000" y="-27.500000">
   <element name="Project/blueberries01" layername="blueberrie" frame="0" z_index="2" m_a="1.000000" m_b="0.000000" m_c="0.000000" m_d="1.000000" m_tx="-38.000000" m_ty="-62.000000"/>
  </frame>
  <frame idx="750" w="118" h="144" x="1.000000" y="-27.500000">
   <element name="Project/blueberries01" layername="blueberrie" frame="0" z_index="2" m_a="1.000000" m_b="0.000000" m_c="0.000000" m_d="1.000000" m_tx="-38.000000" m_ty="-62.000000"/>
  </frame>
  <frame idx="775" w="118" h="144" x="1.000000" y="-27.500000">
   <element name="Project/blueberries01" layername="blueberrie" frame="0" z_index="2" m_a="1.000000" m_b="0.000000" m_c="0.000000" m_d="1.000000" m_tx="-38.000000" m_ty="-62.000000"/>
  </frame>
  <frame idx="800" w="118" h="144" x="1.000000" y="-27.500000">
   <element name="Project/blueberries01" layername="blueberrie" frame="0" z_index="2" m_a="1.000000" m_b="0.000000" m_c="0.000000" m_d="1.000000" m_tx="-38.000000" m_ty="-62.000000"/>
  </frame>
  <frame idx="825" w="118" h="144" x="1.000000" y="-27.500000">
   <element name="Project/blueberries01" layername="blueberrie" frame="0" z_index="2" m_a="1.000000" m_b="0.000000" m_c="0.000000" m_d="1.000000" m_tx="-38.000000" m_ty="-62.000000"/>
  </frame>
  <frame idx="850" w="118" h="144" x="1.000000" y="-27.500000">
   <element name="Project/blueberries01" layername="blueberrie" frame="0" z_index="2" m_a="1.000000" m_b="0.000000" m_c="0.000000" m_d="1.000000" m_tx="-38.000000" m_ty="-62.000000"/>
  </frame>
  <frame idx="875" w="118" h="144" x="1.000000" y="-27.500000">
   <element name="Project/blueberries01" layername="blueberrie" frame="0" z_index="2" m_a="1.000000" m_b="0.000000" m_c="0.000000" m_d="1.000000" m_tx="-38.000000" m_ty="-62.000000"/>
  </frame>
  <frame idx="900" w="118" h="144" x="1.000000" y="-27.500000">
   <element name="Project/blueberries01" layername="blueberrie" frame="0" z_index="2" m_a="1.000000" m_b="0.000000" m_c="0.000000" m_d="1.000000" m_tx="-38.000000" m_ty="-62.000000"/>
  </frame>
  <frame idx="925" w="118" h="144" x="1.000000" y="-27.500000">
   <element name="Project/blueberries01" layername="blueberrie" frame="0" z_index="2" m_a="1.000000" m_b="0.000000" m_c="0.000000" m_d="1.000000" m_tx="-38.000000" m_ty="-62.000000"/>
  </frame>
  <frame idx="950" w="118" h="144" x="1.000000" y="-27.500000">
   <element name="Project/blueberries01" layername="blueberrie" frame="0" z_index="2" m_a="1.000000" m_b="0.000000" m_c="0.000000" m_d="1.000000" m_tx="-38.000000" m_ty="-62.000000"/>
  </frame>
  <frame idx="975" w="118" h="144" x="1.000000" y="-27.500000">
   <element name="Project/blueberries01" layername="blueberrie" frame="0" z_index="2" m_a="1.000000" m_b="0.000000" m_c="0.000000" m_d="1.000000" m_tx="-38.000000" m_ty="-62.000000"/>
  </frame>
 </anim>
 <anim name="cooked_90s" root="blueberries" numframes="1000" framerate="40">
  <frame idx="0" w="125" h="233" x="-10.500000" y="-56.000000">
   <element name="Project/blueberries01" layername="blueberrie" frame="1" z_index="2" m_a="1.000000" m_b="0.000000" m_c="0.000000" m_d="1.000000" m_tx="-52.000000" m_ty="-115.000000"/>
  </frame>
  <frame idx="25" w="125" h="233" x="-10.500000" y="-56.000000">
   <element name="Project/blueberries01" layername="blueberrie" frame="1" z_index="2" m_a="1.000000" m_b="0.000000" m_c="0.000000" m_d="1.000000" m_tx="-52.000000" m_ty="-115.000000"/>
  </frame>
  <frame idx="50" w="125" h="233" x="-10.500000" y="-56.000000">
   <element name="Project/blueberries01" layername="blueberrie" frame="1" z_index="2" m_a="1.000000" m_b="0.000000" m_c="0.000000" m_d="1.000000" m_tx="-52.000000" m_ty="-115.000000"/>
  </frame>
  <frame idx="75" w="125" h="233" x="-10.500000" y="-56.000000">
   <element name="Project/blueberries01" layername="blueberrie" frame="1" z_index="2" m_a="1.000000" m_b="0.000000" m_c="0.000000" m_d="1.000000" m_tx="-52.000000" m_ty="-115.000000"/>
  </frame>
  <frame idx="100" w="125" h="233" x="-10.500000" y="-56.000000">
   <element name="Project/blueberries01" layername="blueberrie" frame="1" z_index="2" m_a="1.000000" m_b="0.000000" m_c="0.000000" m_d="1.000000" m_tx="-52.000000" m_ty="-115.000000"/>
  </frame>
  <frame idx="125" w="125" h="233" x="-10.500000" y="-56.000000">
   <element name="Project/blueberries01" layername="blueberrie" frame="1" z_index="2" m_a="1.000000" m_b="0.000000" m_c="0.000000" m_d="1.000000" m_tx="-52.000000" m_ty="-115.000000"/>
  </frame>
  <frame idx="150" w="125" h="233" x="-10.500000" y="-56.000000">
   <element name="Project/blueberries01" layername="blueberrie" frame="1" z_index="2" m_a="1.000000" m_b="0.000000" m_c="0.000000" m_d="1.000000" m_tx="-52.000000" m_ty="-115.000000"/>
  </frame>
  <frame idx="175" w="125" h="233" x="-10.500000" y="-56.000000">
   <element name="Project/blueberries01" layername="blueberrie" frame="1" z_index="2" m_a="1.000000" m_b="0.000000" m_c="0.000000" m_d="1.000000" m_tx="-52.000000" m_ty="-115.000000"/>
  </frame>
  <frame idx="200" w="125" h="233" x="-10.500000" y="-56.000000">
   <element name="Project/blueberries01" layername="blueberrie" frame="1" z_index="2" m_a="1.000000" m_b="0.000000" m_c="0.000000" m_d="1.000000" m_tx="-52.000000" m_ty="-115.000000"/>
  </frame>
  <frame idx="225" w="125" h="233" x="-10.500000" y="-56.000000">
   <element name="Project/blueberries01" layername="blueberrie" frame="1" z_index="2" m_a="1.000000" m_b="0.000000" m_c="0.000000" m_d="1.000000" m_tx="-52.000000" m_ty="-115.000000"/>
  </frame>
  <frame idx="250" w="125" h="233" x="-10.500000" y="-56.000000">
   <element name="Project/blueberries01" layername="blueberrie" frame="1" z_index="2" m_a="1.000000" m_b="0.000000" m_c="0.000000" m_d="1.000000" m_tx="-52.000000" m_ty="-115.000000"/>
  </frame>
  <frame idx="275" w="125" h="233" x="-10.500000" y="-56.000000">
   <element name="Project/blueberries01" layername="blueberrie" frame="1" z_index="2" m_a="1.000000" m_b="0.000000" m_c="0.000000" m_d="1.000000" m_tx="-52.000000" m_ty="-115.000000"/>
  </frame>
  <frame idx="300" w="125" h="233" x="-10.500000" y="-56.000000">
   <element name="Project/blueberries01" layername="blueberrie" frame="1" z_index="2" m_a="1.000000" m_b="0.000000" m_c="0.000000" m_d="1.000000" m_tx="-52.000000" m_ty="-115.000000"/>
  </frame>
  <frame idx="325" w="125" h="233" x="-10.500000" y="-56.000000">
   <element name="Project/blueberries01" layername="blueberrie" frame="1" z_index="2" m_a="1.000000" m_b="0.000000" m_c="0.000000" m_d="1.000000" m_tx="-52.000000" m_ty="-115.000000"/>
  </frame>
  <frame idx="350" w="125" h="233" x="-10.500000" y="-56.000000">
   <element name="Project/blueberries01" layername="blueberrie" frame="1" z_index="2" m_a="1.000000" m_b="0.000000" m_c="0.000000" m_d="1.000000" m_tx="-52.000000" m_ty="-115.000000"/>
  </frame>
  <frame idx="375" w="125" h="233" x="-10.500000" y="-56.000000">
   <element name="Project/blueberries01" layername="blueberrie" frame="1" z_index="2" m_a="1.000000" m_b="0.000000" m_c="0.000000" m_d="1.000000" m_tx="-52.000000" m_ty="-115.000000"/>
  </frame>
  <frame idx="400" w="125" h="233" x="-10.500000" y="-56.000000">
   <element name="Project/blueberries01" layername="blueberrie" frame="1" z_index="2" m_a="1.000000" m_b="0.000000" m_c="0.000000" m_d="1.000000" m_tx="-52.000000" m_ty="-115.000000"/>
  </frame>
  <frame idx="425" w="125" h="233" x="-10.500000" y="-56.000000">
   <element name="Project/blueberries01" layername="blueberrie" frame="1" z_index="2" m_a="1.000000" m_b="0.000000" m_c="0.000000" m_d="1.000000" m_tx="-52.000000" m_ty="-115.000000"/>
  </frame>
  <frame idx="450" w="125" h="233" x="-10.500000" y="-56.000000">
   <element name="Project/blueberries01" layername="blueberrie" frame="1" z_index="2" m_a="1.000000" m_b="0.000000" m_c="0.000000" m_d="1.000000" m_tx="-52.000000" m_ty="-115.000000"/>
  </frame>
  <frame idx="475" w="125" h="233" x="-10.500000" y="-56.000000">
   <element name="Project/blueberries01" layername="blueberrie" frame="1" z_index="2" m_a="1.000000" m_b="0.000000" m_c="0.000000" m_d="1.000000" m_tx="-52.000000" m_ty="-115.000000"/>
  </frame>
  <frame idx="500" w="125" h="233" x="-10.500000" y="-56.000000">
   <element name="Project/blueberries01" layername="blueberrie" frame="1" z_index="2" m_a="1.000000" m_b="0.000000" m_c="0.000000" m_d="1.000000" m_tx="-52.000000" m_ty="-115.000000"/>
  </frame>
  <frame idx="525" w="125" h="233" x="-10.500000" y="-56.000000">
   <element name="Project/blueberries01" layername="blueberrie" frame="1" z_index="2" m_a="1.000000" m_b="0.000000" m_c="0.000000" m_d="1.000000" m_tx="-52.000000" m_ty="-115.000000"/>
  </frame>
  <frame idx="550" w="125" h="233" x="-10.500000" y="-56.000000">
   <element name="Project/blueberries01" layername="blueberrie" frame="1" z_index="2" m_a="1.000000" m_b="0.000000" m_c="0.000000" m_d="1.000000" m_tx="-52.000000" m_ty="-115.000000"/>
  </frame>
  <frame idx="575" w="125" h="233" x="-10.500000" y="-56.000000">
   <element name="Project/blueberries01" layername="blueberrie" frame="1" z_index="2" m_a="1.000000" m_b="0.000000" m_c="0.000000" m_d="1.000000" m_tx="-52.000000" m_ty="-115.000000"/>
  </frame>
  <frame idx="600" w="125" h="233" x="-10.500000" y="-56.000000">
   <element name="Project/blueberries01" layername="blueberrie" frame="1" z_index="2" m_a="1.000000" m_b="0.000000" m_c="0.000000" m_d="1.000000" m_tx="-52.000000" m_ty="-115.000000"/>
  </frame>
  <frame idx="625" w="125" h="233" x="-10.500000" y="-56.000000">
   <element name="Project/blueberries01" layername="blueberrie" frame="1" z_index="2" m_a="1.000000" m_b="0.000000" m_c="0.000000" m_d="1.000000" m_tx="-52.000000" m_ty="-115.000000"/>
  </frame>
  <frame idx="650" w="125" h="233" x="-10.500000" y="-56.000000">
   <element name="Project/blueberries01" layername="blueberrie" frame="1" z_index="2" m_a="1.000000" m_b="0.000000" m_c="0.000000" m_d="1.000000" m_tx="-52.000000" m_ty="-115.000000"/>
  </frame>
  <frame idx="675" w="125" h="233" x="-10.500000" y="-56.000000">
   <element name="Project/blueberries01" layername="blueberrie" frame="1" z_index="2" m_a="1.000000" m_b="0.000000" m_c="0.000000" m_d="1.000000" m_tx="-52.000000" m_ty="-115.000000"/>
  </frame>
  <frame idx="700" w="125" h="233" x="-10.500000" y="-56.000000">
   <element name="Project/blueberries01" layername="blueberrie" frame="1" z_index="2" m_a="1.000000" m_b="0.000000" m_c="0.000000" m_d="1.000000" m_tx="-52.000000" m_ty="-115.000000"/>
  </frame>
  <frame idx="725" w="125" h="233" x="-10.500000" y="-56.000000">
   <element name="Project/blueberries01" layername="blueberrie" frame="1" z_index="2" m_a="1.000000" m_b="0.000000" m_c="0.000000" m_d="1.000000" m_tx="-52.000000" m_ty="-115.000000"/>
  </frame>
  <frame idx="750" w="125" h="233" x="-10.500000" y="-56.000000">
   <element name="Project/blueberries01" layername="blueberrie" frame="1" z_index="2" m_a="1.000000" m_b="0.000000" m_c="0.000000" m_d="1.000000" m_tx="-52.000000" m_ty="-115.000000"/>
  </frame>
  <frame idx="775" w="125" h="233" x="-10.500000" y="-56.000000">
   <element name="Project/blueberries01" layername="blueberrie" frame="1" z_index="2" m_a="1.000000" m_b="0.000000" m_c="0.000000" m_d="1.000000" m_tx="-52.000000" m_ty="-115.000000"/>
  </frame>
  <frame idx="800" w="125" h="233" x="-10.500000" y="-56.000000">
   <element name="Project/blueberries01" layername="blueberrie" frame="1" z_index="2" m_a="1.000000" m_b="0.000000" m_c="0.000000" m_d="1.000000" m_tx="-52.000000" m_ty="-115.000000"/>
  </frame>
  <frame idx="825" w="125" h="233" x="-10.500000" y="-56.000000">
   <element name="Project/blueberries01" layername="blueberrie" frame="1" z_index="2" m_a="1.000000" m_b="0.000000" m_c="0.000000" m_d="1.000000" m_tx="-52.000000" m_ty="-115.000000"/>
  </frame>
  <frame idx="850" w="125" h="233" x="-10.500000" y="-56.000000">
   <element name="Project/blueberries01" layername="blueberrie" frame="1" z_index="2" m_a="1.000000" m_b="0.000000" m_c="0.000000" m_d="1.000000" m_tx="-52.000000" m_ty="-115.000000"/>
  </frame>
  <frame idx="875" w="125" h="233" x="-10.500000" y="-56.000000">
   <element name="Project/blueberries01" layername="blueberrie" frame="1" z_index="2" m_a="1.000000" m_b="0.000000" m_c="0.000000" m_d="1.000000" m_tx="-52.000000" m_ty="-115.000000"/>
  </frame>
  <frame idx="900" w="125" h="233" x="-10.500000" y="-56.000000">
   <element name="Project/blueberries01" layername="blueberrie" frame="1" z_index="2" m_a="1.000000" m_b="0.000000" m_c="0.000000" m_d="1.000000" m_tx="-52.000000" m_ty="-115.000000"/>
  </frame>
  <frame idx="925" w="125" h="233" x="-10.500000" y="-56.000000">
   <element name="Project/blueberries01" layername="blueberrie" frame="1" z_index="2" m_a="1.000000" m_b="0.000000" m_c="0.000000" m_d="1.000000" m_tx="-52.000000" m_ty="-115.000000"/>
  </frame>
  <frame idx="950" w="125" h="233" x="-10.500000" y="-56.000000">
   <element name="Project/blueberries01" layername="blueberrie" frame="1" z_index="2" m_a="1.000000" m_b="0.000000" m_c="0.000000" m_d="1.000000" m_tx="-52.000000" m_ty="-115.000000"/>
  </frame>
  <frame idx="975" w="125" h="233" x="-10.500000" y="-56.000000">
   <element name="Project/blueberries01" layername="blueberrie" frame="1" z_index="2" m_a="1.000000" m_b="0.000000" m_c="0.000000" m_d="1.000000" m_tx="-52.000000" m_ty="-115.000000"/>
  </frame>
 </anim>
</Anims>
