<Anims>
 <anim name="idle" root="blueberries" numframes="1000" framerate="40">
  <frame idx="0" w="105" h="134" x="3.276141" y="-27.431826">
   <element name="blueberries01" layername="blueberrie" frame="0" z_index="2" m_a="0.883187" m_b="0.000000" m_c="0.000000" m_d="0.883187" m_tx="12.276141" m_ty="-15.931826"/>
  </frame>
  <frame idx="25" w="105" h="134" x="3.276141" y="-27.431826">
   <element name="blueberries01" layername="blueberrie" frame="0" z_index="2" m_a="0.883187" m_b="0.000000" m_c="0.000000" m_d="0.883187" m_tx="12.276141" m_ty="-15.931826"/>
  </frame>
  <frame idx="50" w="105" h="134" x="3.276141" y="-27.431826">
   <element name="blueberries01" layername="blueberrie" frame="0" z_index="2" m_a="0.883187" m_b="0.000000" m_c="0.000000" m_d="0.883187" m_tx="12.276141" m_ty="-15.931826"/>
  </frame>
  <frame idx="75" w="105" h="134" x="3.276141" y="-27.431826">
   <element name="blueberries01" layername="blueberrie" frame="0" z_index="2" m_a="0.883187" m_b="0.000000" m_c="0.000000" m_d="0.883187" m_tx="12.276141" m_ty="-15.931826"/>
  </frame>
  <frame idx="100" w="105" h="134" x="3.276141" y="-27.431826">
   <element name="blueberries01" layername="blueberrie" frame="0" z_index="2" m_a="0.883187" m_b="0.000000" m_c="0.000000" m_d="0.883187" m_tx="12.276141" m_ty="-15.931826"/>
  </frame>
  <frame idx="125" w="105" h="134" x="3.276141" y="-27.431826">
   <element name="blueberries01" layername="blueberrie" frame="0" z_index="2" m_a="0.883187" m_b="0.000000" m_c="0.000000" m_d="0.883187" m_tx="12.276141" m_ty="-15.931826"/>
  </frame>
  <frame idx="150" w="105" h="134" x="3.276141" y="-27.431826">
   <element name="blueberries01" layername="blueberrie" frame="0" z_index="2" m_a="0.883187" m_b="0.000000" m_c="0.000000" m_d="0.883187" m_tx="12.276141" m_ty="-15.931826"/>
  </frame>
  <frame idx="175" w="105" h="134" x="3.276141" y="-27.431826">
   <element name="blueberries01" layername="blueberrie" frame="0" z_index="2" m_a="0.883187" m_b="0.000000" m_c="0.000000" m_d="0.883187" m_tx="12.276141" m_ty="-15.931826"/>
  </frame>
  <frame idx="200" w="105" h="134" x="3.276141" y="-27.431826">
   <element name="blueberries01" layername="blueberrie" frame="0" z_index="2" m_a="0.883187" m_b="0.000000" m_c="0.000000" m_d="0.883187" m_tx="12.276141" m_ty="-15.931826"/>
  </frame>
  <frame idx="225" w="105" h="134" x="3.276141" y="-27.431826">
   <element name="blueberries01" layername="blueberrie" frame="0" z_index="2" m_a="0.883187" m_b="0.000000" m_c="0.000000" m_d="0.883187" m_tx="12.276141" m_ty="-15.931826"/>
  </frame>
  <frame idx="250" w="105" h="134" x="3.276141" y="-27.431826">
   <element name="blueberries01" layername="blueberrie" frame="0" z_index="2" m_a="0.883187" m_b="0.000000" m_c="0.000000" m_d="0.883187" m_tx="12.276141" m_ty="-15.931826"/>
  </frame>
  <frame idx="275" w="105" h="134" x="3.276141" y="-27.431826">
   <element name="blueberries01" layername="blueberrie" frame="0" z_index="2" m_a="0.883187" m_b="0.000000" m_c="0.000000" m_d="0.883187" m_tx="12.276141" m_ty="-15.931826"/>
  </frame>
  <frame idx="300" w="105" h="134" x="3.276141" y="-27.431826">
   <element name="blueberries01" layername="blueberrie" frame="0" z_index="2" m_a="0.883187" m_b="0.000000" m_c="0.000000" m_d="0.883187" m_tx="12.276141" m_ty="-15.931826"/>
  </frame>
  <frame idx="325" w="105" h="134" x="3.276141" y="-27.431826">
   <element name="blueberries01" layername="blueberrie" frame="0" z_index="2" m_a="0.883187" m_b="0.000000" m_c="0.000000" m_d="0.883187" m_tx="12.276141" m_ty="-15.931826"/>
  </frame>
  <frame idx="350" w="105" h="134" x="3.276141" y="-27.431826">
   <element name="blueberries01" layername="blueberrie" frame="0" z_index="2" m_a="0.883187" m_b="0.000000" m_c="0.000000" m_d="0.883187" m_tx="12.276141" m_ty="-15.931826"/>
  </frame>
  <frame idx="375" w="105" h="134" x="3.276141" y="-27.431826">
   <element name="blueberries01" layername="blueberrie" frame="0" z_index="2" m_a="0.883187" m_b="0.000000" m_c="0.000000" m_d="0.883187" m_tx="12.276141" m_ty="-15.931826"/>
  </frame>
  <frame idx="400" w="105" h="134" x="3.276141" y="-27.431826">
   <element name="blueberries01" layername="blueberrie" frame="0" z_index="2" m_a="0.883187" m_b="0.000000" m_c="0.000000" m_d="0.883187" m_tx="12.276141" m_ty="-15.931826"/>
  </frame>
  <frame idx="425" w="105" h="134" x="3.276141" y="-27.431826">
   <element name="blueberries01" layername="blueberrie" frame="0" z_index="2" m_a="0.883187" m_b="0.000000" m_c="0.000000" m_d="0.883187" m_tx="12.276141" m_ty="-15.931826"/>
  </frame>
  <frame idx="450" w="105" h="134" x="3.276141" y="-27.431826">
   <element name="blueberries01" layername="blueberrie" frame="0" z_index="2" m_a="0.883187" m_b="0.000000" m_c="0.000000" m_d="0.883187" m_tx="12.276141" m_ty="-15.931826"/>
  </frame>
  <frame idx="475" w="105" h="134" x="3.276141" y="-27.431826">
   <element name="blueberries01" layername="blueberrie" frame="0" z_index="2" m_a="0.883187" m_b="0.000000" m_c="0.000000" m_d="0.883187" m_tx="12.276141" m_ty="-15.931826"/>
  </frame>
  <frame idx="500" w="105" h="134" x="3.276141" y="-27.431826">
   <element name="blueberries01" layername="blueberrie" frame="0" z_index="2" m_a="0.883187" m_b="0.000000" m_c="0.000000" m_d="0.883187" m_tx="12.276141" m_ty="-15.931826"/>
  </frame>
  <frame idx="525" w="105" h="134" x="3.276141" y="-27.431826">
   <element name="blueberries01" layername="blueberrie" frame="0" z_index="2" m_a="0.883187" m_b="0.000000" m_c="0.000000" m_d="0.883187" m_tx="12.276141" m_ty="-15.931826"/>
  </frame>
  <frame idx="550" w="105" h="134" x="3.276141" y="-27.431826">
   <element name="blueberries01" layername="blueberrie" frame="0" z_index="2" m_a="0.883187" m_b="0.000000" m_c="0.000000" m_d="0.883187" m_tx="12.276141" m_ty="-15.931826"/>
  </frame>
  <frame idx="575" w="105" h="134" x="3.276141" y="-27.431826">
   <element name="blueberries01" layername="blueberrie" frame="0" z_index="2" m_a="0.883187" m_b="0.000000" m_c="0.000000" m_d="0.883187" m_tx="12.276141" m_ty="-15.931826"/>
  </frame>
  <frame idx="600" w="105" h="134" x="3.276141" y="-27.431826">
   <element name="blueberries01" layername="blueberrie" frame="0" z_index="2" m_a="0.883187" m_b="0.000000" m_c="0.000000" m_d="0.883187" m_tx="12.276141" m_ty="-15.931826"/>
  </frame>
  <frame idx="625" w="105" h="134" x="3.276141" y="-27.431826">
   <element name="blueberries01" layername="blueberrie" frame="0" z_index="2" m_a="0.883187" m_b="0.000000" m_c="0.000000" m_d="0.883187" m_tx="12.276141" m_ty="-15.931826"/>
  </frame>
  <frame idx="650" w="105" h="134" x="3.276141" y="-27.431826">
   <element name="blueberries01" layername="blueberrie" frame="0" z_index="2" m_a="0.883187" m_b="0.000000" m_c="0.000000" m_d="0.883187" m_tx="12.276141" m_ty="-15.931826"/>
  </frame>
  <frame idx="675" w="105" h="134" x="3.276141" y="-27.431826">
   <element name="blueberries01" layername="blueberrie" frame="0" z_index="2" m_a="0.883187" m_b="0.000000" m_c="0.000000" m_d="0.883187" m_tx="12.276141" m_ty="-15.931826"/>
  </frame>
  <frame idx="700" w="105" h="134" x="3.276141" y="-27.431826">
   <element name="blueberries01" layername="blueberrie" frame="0" z_index="2" m_a="0.883187" m_b="0.000000" m_c="0.000000" m_d="0.883187" m_tx="12.276141" m_ty="-15.931826"/>
  </frame>
  <frame idx="725" w="105" h="134" x="3.276141" y="-27.431826">
   <element name="blueberries01" layername="blueberrie" frame="0" z_index="2" m_a="0.883187" m_b="0.000000" m_c="0.000000" m_d="0.883187" m_tx="12.276141" m_ty="-15.931826"/>
  </frame>
  <frame idx="750" w="105" h="134" x="3.276141" y="-27.431826">
   <element name="blueberries01" layername="blueberrie" frame="0" z_index="2" m_a="0.883187" m_b="0.000000" m_c="0.000000" m_d="0.883187" m_tx="12.276141" m_ty="-15.931826"/>
  </frame>
  <frame idx="775" w="105" h="134" x="3.276141" y="-27.431826">
   <element name="blueberries01" layername="blueberrie" frame="0" z_index="2" m_a="0.883187" m_b="0.000000" m_c="0.000000" m_d="0.883187" m_tx="12.276141" m_ty="-15.931826"/>
  </frame>
  <frame idx="800" w="105" h="134" x="3.276141" y="-27.431826">
   <element name="blueberries01" layername="blueberrie" frame="0" z_index="2" m_a="0.883187" m_b="0.000000" m_c="0.000000" m_d="0.883187" m_tx="12.276141" m_ty="-15.931826"/>
  </frame>
  <frame idx="825" w="105" h="134" x="3.276141" y="-27.431826">
   <element name="blueberries01" layername="blueberrie" frame="0" z_index="2" m_a="0.883187" m_b="0.000000" m_c="0.000000" m_d="0.883187" m_tx="12.276141" m_ty="-15.931826"/>
  </frame>
  <frame idx="850" w="105" h="134" x="3.276141" y="-27.431826">
   <element name="blueberries01" layername="blueberrie" frame="0" z_index="2" m_a="0.883187" m_b="0.000000" m_c="0.000000" m_d="0.883187" m_tx="12.276141" m_ty="-15.931826"/>
  </frame>
  <frame idx="875" w="105" h="134" x="3.276141" y="-27.431826">
   <element name="blueberries01" layername="blueberrie" frame="0" z_index="2" m_a="0.883187" m_b="0.000000" m_c="0.000000" m_d="0.883187" m_tx="12.276141" m_ty="-15.931826"/>
  </frame>
  <frame idx="900" w="105" h="134" x="3.276141" y="-27.431826">
   <element name="blueberries01" layername="blueberrie" frame="0" z_index="2" m_a="0.883187" m_b="0.000000" m_c="0.000000" m_d="0.883187" m_tx="12.276141" m_ty="-15.931826"/>
  </frame>
  <frame idx="925" w="105" h="134" x="3.276141" y="-27.431826">
   <element name="blueberries01" layername="blueberrie" frame="0" z_index="2" m_a="0.883187" m_b="0.000000" m_c="0.000000" m_d="0.883187" m_tx="12.276141" m_ty="-15.931826"/>
  </frame>
  <frame idx="950" w="105" h="134" x="3.276141" y="-27.431826">
   <element name="blueberries01" layername="blueberrie" frame="0" z_index="2" m_a="0.883187" m_b="0.000000" m_c="0.000000" m_d="0.883187" m_tx="12.276141" m_ty="-15.931826"/>
  </frame>
  <frame idx="975" w="105" h="134" x="3.276141" y="-27.431826">
   <element name="blueberries01" layername="blueberrie" frame="0" z_index="2" m_a="0.883187" m_b="0.000000" m_c="0.000000" m_d="0.883187" m_tx="12.276141" m_ty="-15.931826"/>
  </frame>
 </anim>
 <anim name="cooked" root="blueberries" numframes="1000" framerate="40">
  <frame idx="0" w="103" h="206" x="-6.789764" y="-58.778778">
   <element name="blueberries01" layername="blueberrie" frame="1" z_index="2" m_a="0.811735" m_b="0.000000" m_c="0.000000" m_d="0.811735" m_tx="2.210236" m_ty="-41.278778"/>
  </frame>
  <frame idx="25" w="103" h="206" x="-6.789764" y="-58.778778">
   <element name="blueberries01" layername="blueberrie" frame="1" z_index="2" m_a="0.811735" m_b="0.000000" m_c="0.000000" m_d="0.811735" m_tx="2.210236" m_ty="-41.278778"/>
  </frame>
  <frame idx="50" w="103" h="206" x="-6.789764" y="-58.778778">
   <element name="blueberries01" layername="blueberrie" frame="1" z_index="2" m_a="0.811735" m_b="0.000000" m_c="0.000000" m_d="0.811735" m_tx="2.210236" m_ty="-41.278778"/>
  </frame>
  <frame idx="75" w="103" h="206" x="-6.789764" y="-58.778778">
   <element name="blueberries01" layername="blueberrie" frame="1" z_index="2" m_a="0.811735" m_b="0.000000" m_c="0.000000" m_d="0.811735" m_tx="2.210236" m_ty="-41.278778"/>
  </frame>
  <frame idx="100" w="103" h="206" x="-6.789764" y="-58.778778">
   <element name="blueberries01" layername="blueberrie" frame="1" z_index="2" m_a="0.811735" m_b="0.000000" m_c="0.000000" m_d="0.811735" m_tx="2.210236" m_ty="-41.278778"/>
  </frame>
  <frame idx="125" w="103" h="206" x="-6.789764" y="-58.778778">
   <element name="blueberries01" layername="blueberrie" frame="1" z_index="2" m_a="0.811735" m_b="0.000000" m_c="0.000000" m_d="0.811735" m_tx="2.210236" m_ty="-41.278778"/>
  </frame>
  <frame idx="150" w="103" h="206" x="-6.789764" y="-58.778778">
   <element name="blueberries01" layername="blueberrie" frame="1" z_index="2" m_a="0.811735" m_b="0.000000" m_c="0.000000" m_d="0.811735" m_tx="2.210236" m_ty="-41.278778"/>
  </frame>
  <frame idx="175" w="103" h="206" x="-6.789764" y="-58.778778">
   <element name="blueberries01" layername="blueberrie" frame="1" z_index="2" m_a="0.811735" m_b="0.000000" m_c="0.000000" m_d="0.811735" m_tx="2.210236" m_ty="-41.278778"/>
  </frame>
  <frame idx="200" w="103" h="206" x="-6.789764" y="-58.778778">
   <element name="blueberries01" layername="blueberrie" frame="1" z_index="2" m_a="0.811735" m_b="0.000000" m_c="0.000000" m_d="0.811735" m_tx="2.210236" m_ty="-41.278778"/>
  </frame>
  <frame idx="225" w="103" h="206" x="-6.789764" y="-58.778778">
   <element name="blueberries01" layername="blueberrie" frame="1" z_index="2" m_a="0.811735" m_b="0.000000" m_c="0.000000" m_d="0.811735" m_tx="2.210236" m_ty="-41.278778"/>
  </frame>
  <frame idx="250" w="103" h="206" x="-6.789764" y="-58.778778">
   <element name="blueberries01" layername="blueberrie" frame="1" z_index="2" m_a="0.811735" m_b="0.000000" m_c="0.000000" m_d="0.811735" m_tx="2.210236" m_ty="-41.278778"/>
  </frame>
  <frame idx="275" w="103" h="206" x="-6.789764" y="-58.778778">
   <element name="blueberries01" layername="blueberrie" frame="1" z_index="2" m_a="0.811735" m_b="0.000000" m_c="0.000000" m_d="0.811735" m_tx="2.210236" m_ty="-41.278778"/>
  </frame>
  <frame idx="300" w="103" h="206" x="-6.789764" y="-58.778778">
   <element name="blueberries01" layername="blueberrie" frame="1" z_index="2" m_a="0.811735" m_b="0.000000" m_c="0.000000" m_d="0.811735" m_tx="2.210236" m_ty="-41.278778"/>
  </frame>
  <frame idx="325" w="103" h="206" x="-6.789764" y="-58.778778">
   <element name="blueberries01" layername="blueberrie" frame="1" z_index="2" m_a="0.811735" m_b="0.000000" m_c="0.000000" m_d="0.811735" m_tx="2.210236" m_ty="-41.278778"/>
  </frame>
  <frame idx="350" w="103" h="206" x="-6.789764" y="-58.778778">
   <element name="blueberries01" layername="blueberrie" frame="1" z_index="2" m_a="0.811735" m_b="0.000000" m_c="0.000000" m_d="0.811735" m_tx="2.210236" m_ty="-41.278778"/>
  </frame>
  <frame idx="375" w="103" h="206" x="-6.789764" y="-58.778778">
   <element name="blueberries01" layername="blueberrie" frame="1" z_index="2" m_a="0.811735" m_b="0.000000" m_c="0.000000" m_d="0.811735" m_tx="2.210236" m_ty="-41.278778"/>
  </frame>
  <frame idx="400" w="103" h="206" x="-6.789764" y="-58.778778">
   <element name="blueberries01" layername="blueberrie" frame="1" z_index="2" m_a="0.811735" m_b="0.000000" m_c="0.000000" m_d="0.811735" m_tx="2.210236" m_ty="-41.278778"/>
  </frame>
  <frame idx="425" w="103" h="206" x="-6.789764" y="-58.778778">
   <element name="blueberries01" layername="blueberrie" frame="1" z_index="2" m_a="0.811735" m_b="0.000000" m_c="0.000000" m_d="0.811735" m_tx="2.210236" m_ty="-41.278778"/>
  </frame>
  <frame idx="450" w="103" h="206" x="-6.789764" y="-58.778778">
   <element name="blueberries01" layername="blueberrie" frame="1" z_index="2" m_a="0.811735" m_b="0.000000" m_c="0.000000" m_d="0.811735" m_tx="2.210236" m_ty="-41.278778"/>
  </frame>
  <frame idx="475" w="103" h="206" x="-6.789764" y="-58.778778">
   <element name="blueberries01" layername="blueberrie" frame="1" z_index="2" m_a="0.811735" m_b="0.000000" m_c="0.000000" m_d="0.811735" m_tx="2.210236" m_ty="-41.278778"/>
  </frame>
  <frame idx="500" w="103" h="206" x="-6.789764" y="-58.778778">
   <element name="blueberries01" layername="blueberrie" frame="1" z_index="2" m_a="0.811735" m_b="0.000000" m_c="0.000000" m_d="0.811735" m_tx="2.210236" m_ty="-41.278778"/>
  </frame>
  <frame idx="525" w="103" h="206" x="-6.789764" y="-58.778778">
   <element name="blueberries01" layername="blueberrie" frame="1" z_index="2" m_a="0.811735" m_b="0.000000" m_c="0.000000" m_d="0.811735" m_tx="2.210236" m_ty="-41.278778"/>
  </frame>
  <frame idx="550" w="103" h="206" x="-6.789764" y="-58.778778">
   <element name="blueberries01" layername="blueberrie" frame="1" z_index="2" m_a="0.811735" m_b="0.000000" m_c="0.000000" m_d="0.811735" m_tx="2.210236" m_ty="-41.278778"/>
  </frame>
  <frame idx="575" w="103" h="206" x="-6.789764" y="-58.778778">
   <element name="blueberries01" layername="blueberrie" frame="1" z_index="2" m_a="0.811735" m_b="0.000000" m_c="0.000000" m_d="0.811735" m_tx="2.210236" m_ty="-41.278778"/>
  </frame>
  <frame idx="600" w="103" h="206" x="-6.789764" y="-58.778778">
   <element name="blueberries01" layername="blueberrie" frame="1" z_index="2" m_a="0.811735" m_b="0.000000" m_c="0.000000" m_d="0.811735" m_tx="2.210236" m_ty="-41.278778"/>
  </frame>
  <frame idx="625" w="103" h="206" x="-6.789764" y="-58.778778">
   <element name="blueberries01" layername="blueberrie" frame="1" z_index="2" m_a="0.811735" m_b="0.000000" m_c="0.000000" m_d="0.811735" m_tx="2.210236" m_ty="-41.278778"/>
  </frame>
  <frame idx="650" w="103" h="206" x="-6.789764" y="-58.778778">
   <element name="blueberries01" layername="blueberrie" frame="1" z_index="2" m_a="0.811735" m_b="0.000000" m_c="0.000000" m_d="0.811735" m_tx="2.210236" m_ty="-41.278778"/>
  </frame>
  <frame idx="675" w="103" h="206" x="-6.789764" y="-58.778778">
   <element name="blueberries01" layername="blueberrie" frame="1" z_index="2" m_a="0.811735" m_b="0.000000" m_c="0.000000" m_d="0.811735" m_tx="2.210236" m_ty="-41.278778"/>
  </frame>
  <frame idx="700" w="103" h="206" x="-6.789764" y="-58.778778">
   <element name="blueberries01" layername="blueberrie" frame="1" z_index="2" m_a="0.811735" m_b="0.000000" m_c="0.000000" m_d="0.811735" m_tx="2.210236" m_ty="-41.278778"/>
  </frame>
  <frame idx="725" w="103" h="206" x="-6.789764" y="-58.778778">
   <element name="blueberries01" layername="blueberrie" frame="1" z_index="2" m_a="0.811735" m_b="0.000000" m_c="0.000000" m_d="0.811735" m_tx="2.210236" m_ty="-41.278778"/>
  </frame>
  <frame idx="750" w="103" h="206" x="-6.789764" y="-58.778778">
   <element name="blueberries01" layername="blueberrie" frame="1" z_index="2" m_a="0.811735" m_b="0.000000" m_c="0.000000" m_d="0.811735" m_tx="2.210236" m_ty="-41.278778"/>
  </frame>
  <frame idx="775" w="103" h="206" x="-6.789764" y="-58.778778">
   <element name="blueberries01" layername="blueberrie" frame="1" z_index="2" m_a="0.811735" m_b="0.000000" m_c="0.000000" m_d="0.811735" m_tx="2.210236" m_ty="-41.278778"/>
  </frame>
  <frame idx="800" w="103" h="206" x="-6.789764" y="-58.778778">
   <element name="blueberries01" layername="blueberrie" frame="1" z_index="2" m_a="0.811735" m_b="0.000000" m_c="0.000000" m_d="0.811735" m_tx="2.210236" m_ty="-41.278778"/>
  </frame>
  <frame idx="825" w="103" h="206" x="-6.789764" y="-58.778778">
   <element name="blueberries01" layername="blueberrie" frame="1" z_index="2" m_a="0.811735" m_b="0.000000" m_c="0.000000" m_d="0.811735" m_tx="2.210236" m_ty="-41.278778"/>
  </frame>
  <frame idx="850" w="103" h="206" x="-6.789764" y="-58.778778">
   <element name="blueberries01" layername="blueberrie" frame="1" z_index="2" m_a="0.811735" m_b="0.000000" m_c="0.000000" m_d="0.811735" m_tx="2.210236" m_ty="-41.278778"/>
  </frame>
  <frame idx="875" w="103" h="206" x="-6.789764" y="-58.778778">
   <element name="blueberries01" layername="blueberrie" frame="1" z_index="2" m_a="0.811735" m_b="0.000000" m_c="0.000000" m_d="0.811735" m_tx="2.210236" m_ty="-41.278778"/>
  </frame>
  <frame idx="900" w="103" h="206" x="-6.789764" y="-58.778778">
   <element name="blueberries01" layername="blueberrie" frame="1" z_index="2" m_a="0.811735" m_b="0.000000" m_c="0.000000" m_d="0.811735" m_tx="2.210236" m_ty="-41.278778"/>
  </frame>
  <frame idx="925" w="103" h="206" x="-6.789764" y="-58.778778">
   <element name="blueberries01" layername="blueberrie" frame="1" z_index="2" m_a="0.811735" m_b="0.000000" m_c="0.000000" m_d="0.811735" m_tx="2.210236" m_ty="-41.278778"/>
  </frame>
  <frame idx="950" w="103" h="206" x="-6.789764" y="-58.778778">
   <element name="blueberries01" layername="blueberrie" frame="1" z_index="2" m_a="0.811735" m_b="0.000000" m_c="0.000000" m_d="0.811735" m_tx="2.210236" m_ty="-41.278778"/>
  </frame>
  <frame idx="975" w="103" h="206" x="-6.789764" y="-58.778778">
   <element name="blueberries01" layername="blueberrie" frame="1" z_index="2" m_a="0.811735" m_b="0.000000" m_c="0.000000" m_d="0.811735" m_tx="2.210236" m_ty="-41.278778"/>
  </frame>
 </anim>
</Anims>
