<Anims>
 <anim name="idle_90s" root="potato" numframes="1000" framerate="40">
  <frame idx="0" w="166" h="128" x="-14.000000" y="-21.500000">
   <element name="Project/potato01" layername="potat" frame="0" z_index="3" m_a="1.000000" m_b="0.000000" m_c="0.000000" m_d="1.000000" m_tx="-69.000000" m_ty="-58.000000"/>
  </frame>
  <frame idx="25" w="166" h="128" x="-14.000000" y="-21.500000">
   <element name="Project/potato01" layername="potat" frame="0" z_index="3" m_a="1.000000" m_b="0.000000" m_c="0.000000" m_d="1.000000" m_tx="-69.000000" m_ty="-58.000000"/>
  </frame>
  <frame idx="50" w="166" h="128" x="-14.000000" y="-21.500000">
   <element name="Project/potato01" layername="potat" frame="0" z_index="3" m_a="1.000000" m_b="0.000000" m_c="0.000000" m_d="1.000000" m_tx="-69.000000" m_ty="-58.000000"/>
  </frame>
  <frame idx="75" w="166" h="128" x="-14.000000" y="-21.500000">
   <element name="Project/potato01" layername="potat" frame="0" z_index="3" m_a="1.000000" m_b="0.000000" m_c="0.000000" m_d="1.000000" m_tx="-69.000000" m_ty="-58.000000"/>
  </frame>
  <frame idx="100" w="166" h="128" x="-14.000000" y="-21.500000">
   <element name="Project/potato01" layername="potat" frame="0" z_index="3" m_a="1.000000" m_b="0.000000" m_c="0.000000" m_d="1.000000" m_tx="-69.000000" m_ty="-58.000000"/>
  </frame>
  <frame idx="125" w="166" h="128" x="-14.000000" y="-21.500000">
   <element name="Project/potato01" layername="potat" frame="0" z_index="3" m_a="1.000000" m_b="0.000000" m_c="0.000000" m_d="1.000000" m_tx="-69.000000" m_ty="-58.000000"/>
  </frame>
  <frame idx="150" w="166" h="128" x="-14.000000" y="-21.500000">
   <element name="Project/potato01" layername="potat" frame="0" z_index="3" m_a="1.000000" m_b="0.000000" m_c="0.000000" m_d="1.000000" m_tx="-69.000000" m_ty="-58.000000"/>
  </frame>
  <frame idx="175" w="166" h="128" x="-14.000000" y="-21.500000">
   <element name="Project/potato01" layername="potat" frame="0" z_index="3" m_a="1.000000" m_b="0.000000" m_c="0.000000" m_d="1.000000" m_tx="-69.000000" m_ty="-58.000000"/>
  </frame>
  <frame idx="200" w="166" h="128" x="-14.000000" y="-21.500000">
   <element name="Project/potato01" layername="potat" frame="0" z_index="3" m_a="1.000000" m_b="0.000000" m_c="0.000000" m_d="1.000000" m_tx="-69.000000" m_ty="-58.000000"/>
  </frame>
  <frame idx="225" w="166" h="128" x="-14.000000" y="-21.500000">
   <element name="Project/potato01" layername="potat" frame="0" z_index="3" m_a="1.000000" m_b="0.000000" m_c="0.000000" m_d="1.000000" m_tx="-69.000000" m_ty="-58.000000"/>
  </frame>
  <frame idx="250" w="166" h="128" x="-14.000000" y="-21.500000">
   <element name="Project/potato01" layername="potat" frame="0" z_index="3" m_a="1.000000" m_b="0.000000" m_c="0.000000" m_d="1.000000" m_tx="-69.000000" m_ty="-58.000000"/>
  </frame>
  <frame idx="275" w="166" h="128" x="-14.000000" y="-21.500000">
   <element name="Project/potato01" layername="potat" frame="0" z_index="3" m_a="1.000000" m_b="0.000000" m_c="0.000000" m_d="1.000000" m_tx="-69.000000" m_ty="-58.000000"/>
  </frame>
  <frame idx="300" w="166" h="128" x="-14.000000" y="-21.500000">
   <element name="Project/potato01" layername="potat" frame="0" z_index="3" m_a="1.000000" m_b="0.000000" m_c="0.000000" m_d="1.000000" m_tx="-69.000000" m_ty="-58.000000"/>
  </frame>
  <frame idx="325" w="166" h="128" x="-14.000000" y="-21.500000">
   <element name="Project/potato01" layername="potat" frame="0" z_index="3" m_a="1.000000" m_b="0.000000" m_c="0.000000" m_d="1.000000" m_tx="-69.000000" m_ty="-58.000000"/>
  </frame>
  <frame idx="350" w="166" h="128" x="-14.000000" y="-21.500000">
   <element name="Project/potato01" layername="potat" frame="0" z_index="3" m_a="1.000000" m_b="0.000000" m_c="0.000000" m_d="1.000000" m_tx="-69.000000" m_ty="-58.000000"/>
  </frame>
  <frame idx="375" w="166" h="128" x="-14.000000" y="-21.500000">
   <element name="Project/potato01" layername="potat" frame="0" z_index="3" m_a="1.000000" m_b="0.000000" m_c="0.000000" m_d="1.000000" m_tx="-69.000000" m_ty="-58.000000"/>
  </frame>
  <frame idx="400" w="166" h="128" x="-14.000000" y="-21.500000">
   <element name="Project/potato01" layername="potat" frame="0" z_index="3" m_a="1.000000" m_b="0.000000" m_c="0.000000" m_d="1.000000" m_tx="-69.000000" m_ty="-58.000000"/>
  </frame>
  <frame idx="425" w="166" h="128" x="-14.000000" y="-21.500000">
   <element name="Project/potato01" layername="potat" frame="0" z_index="3" m_a="1.000000" m_b="0.000000" m_c="0.000000" m_d="1.000000" m_tx="-69.000000" m_ty="-58.000000"/>
  </frame>
  <frame idx="450" w="166" h="128" x="-14.000000" y="-21.500000">
   <element name="Project/potato01" layername="potat" frame="0" z_index="3" m_a="1.000000" m_b="0.000000" m_c="0.000000" m_d="1.000000" m_tx="-69.000000" m_ty="-58.000000"/>
  </frame>
  <frame idx="475" w="166" h="128" x="-14.000000" y="-21.500000">
   <element name="Project/potato01" layername="potat" frame="0" z_index="3" m_a="1.000000" m_b="0.000000" m_c="0.000000" m_d="1.000000" m_tx="-69.000000" m_ty="-58.000000"/>
  </frame>
  <frame idx="500" w="166" h="128" x="-14.000000" y="-21.500000">
   <element name="Project/potato01" layername="potat" frame="0" z_index="3" m_a="1.000000" m_b="0.000000" m_c="0.000000" m_d="1.000000" m_tx="-69.000000" m_ty="-58.000000"/>
  </frame>
  <frame idx="525" w="166" h="128" x="-14.000000" y="-21.500000">
   <element name="Project/potato01" layername="potat" frame="0" z_index="3" m_a="1.000000" m_b="0.000000" m_c="0.000000" m_d="1.000000" m_tx="-69.000000" m_ty="-58.000000"/>
  </frame>
  <frame idx="550" w="166" h="128" x="-14.000000" y="-21.500000">
   <element name="Project/potato01" layername="potat" frame="0" z_index="3" m_a="1.000000" m_b="0.000000" m_c="0.000000" m_d="1.000000" m_tx="-69.000000" m_ty="-58.000000"/>
  </frame>
  <frame idx="575" w="166" h="128" x="-14.000000" y="-21.500000">
   <element name="Project/potato01" layername="potat" frame="0" z_index="3" m_a="1.000000" m_b="0.000000" m_c="0.000000" m_d="1.000000" m_tx="-69.000000" m_ty="-58.000000"/>
  </frame>
  <frame idx="600" w="166" h="128" x="-14.000000" y="-21.500000">
   <element name="Project/potato01" layername="potat" frame="0" z_index="3" m_a="1.000000" m_b="0.000000" m_c="0.000000" m_d="1.000000" m_tx="-69.000000" m_ty="-58.000000"/>
  </frame>
  <frame idx="625" w="166" h="128" x="-14.000000" y="-21.500000">
   <element name="Project/potato01" layername="potat" frame="0" z_index="3" m_a="1.000000" m_b="0.000000" m_c="0.000000" m_d="1.000000" m_tx="-69.000000" m_ty="-58.000000"/>
  </frame>
  <frame idx="650" w="166" h="128" x="-14.000000" y="-21.500000">
   <element name="Project/potato01" layername="potat" frame="0" z_index="3" m_a="1.000000" m_b="0.000000" m_c="0.000000" m_d="1.000000" m_tx="-69.000000" m_ty="-58.000000"/>
  </frame>
  <frame idx="675" w="166" h="128" x="-14.000000" y="-21.500000">
   <element name="Project/potato01" layername="potat" frame="0" z_index="3" m_a="1.000000" m_b="0.000000" m_c="0.000000" m_d="1.000000" m_tx="-69.000000" m_ty="-58.000000"/>
  </frame>
  <frame idx="700" w="166" h="128" x="-14.000000" y="-21.500000">
   <element name="Project/potato01" layername="potat" frame="0" z_index="3" m_a="1.000000" m_b="0.000000" m_c="0.000000" m_d="1.000000" m_tx="-69.000000" m_ty="-58.000000"/>
  </frame>
  <frame idx="725" w="166" h="128" x="-14.000000" y="-21.500000">
   <element name="Project/potato01" layername="potat" frame="0" z_index="3" m_a="1.000000" m_b="0.000000" m_c="0.000000" m_d="1.000000" m_tx="-69.000000" m_ty="-58.000000"/>
  </frame>
  <frame idx="750" w="166" h="128" x="-14.000000" y="-21.500000">
   <element name="Project/potato01" layername="potat" frame="0" z_index="3" m_a="1.000000" m_b="0.000000" m_c="0.000000" m_d="1.000000" m_tx="-69.000000" m_ty="-58.000000"/>
  </frame>
  <frame idx="775" w="166" h="128" x="-14.000000" y="-21.500000">
   <element name="Project/potato01" layername="potat" frame="0" z_index="3" m_a="1.000000" m_b="0.000000" m_c="0.000000" m_d="1.000000" m_tx="-69.000000" m_ty="-58.000000"/>
  </frame>
  <frame idx="800" w="166" h="128" x="-14.000000" y="-21.500000">
   <element name="Project/potato01" layername="potat" frame="0" z_index="3" m_a="1.000000" m_b="0.000000" m_c="0.000000" m_d="1.000000" m_tx="-69.000000" m_ty="-58.000000"/>
  </frame>
  <frame idx="825" w="166" h="128" x="-14.000000" y="-21.500000">
   <element name="Project/potato01" layername="potat" frame="0" z_index="3" m_a="1.000000" m_b="0.000000" m_c="0.000000" m_d="1.000000" m_tx="-69.000000" m_ty="-58.000000"/>
  </frame>
  <frame idx="850" w="166" h="128" x="-14.000000" y="-21.500000">
   <element name="Project/potato01" layername="potat" frame="0" z_index="3" m_a="1.000000" m_b="0.000000" m_c="0.000000" m_d="1.000000" m_tx="-69.000000" m_ty="-58.000000"/>
  </frame>
  <frame idx="875" w="166" h="128" x="-14.000000" y="-21.500000">
   <element name="Project/potato01" layername="potat" frame="0" z_index="3" m_a="1.000000" m_b="0.000000" m_c="0.000000" m_d="1.000000" m_tx="-69.000000" m_ty="-58.000000"/>
  </frame>
  <frame idx="900" w="166" h="128" x="-14.000000" y="-21.500000">
   <element name="Project/potato01" layername="potat" frame="0" z_index="3" m_a="1.000000" m_b="0.000000" m_c="0.000000" m_d="1.000000" m_tx="-69.000000" m_ty="-58.000000"/>
  </frame>
  <frame idx="925" w="166" h="128" x="-14.000000" y="-21.500000">
   <element name="Project/potato01" layername="potat" frame="0" z_index="3" m_a="1.000000" m_b="0.000000" m_c="0.000000" m_d="1.000000" m_tx="-69.000000" m_ty="-58.000000"/>
  </frame>
  <frame idx="950" w="166" h="128" x="-14.000000" y="-21.500000">
   <element name="Project/potato01" layername="potat" frame="0" z_index="3" m_a="1.000000" m_b="0.000000" m_c="0.000000" m_d="1.000000" m_tx="-69.000000" m_ty="-58.000000"/>
  </frame>
  <frame idx="975" w="166" h="128" x="-14.000000" y="-21.500000">
   <element name="Project/potato01" layername="potat" frame="0" z_index="3" m_a="1.000000" m_b="0.000000" m_c="0.000000" m_d="1.000000" m_tx="-69.000000" m_ty="-58.000000"/>
  </frame>
 </anim>
 <anim name="planted_90s" root="potato" numframes="1000" framerate="40">
  <frame idx="0" w="162" h="256" x="-8.000000" y="-78.500000">
   <element name="Project/potato01" layername="potat" frame="2" z_index="3" m_a="1.000000" m_b="0.000000" m_c="0.000000" m_d="1.000000" m_tx="-62.000000" m_ty="-132.000000"/>
  </frame>
  <frame idx="25" w="162" h="256" x="-8.000000" y="-78.500000">
   <element name="Project/potato01" layername="potat" frame="2" z_index="3" m_a="1.000000" m_b="0.000000" m_c="0.000000" m_d="1.000000" m_tx="-62.000000" m_ty="-132.000000"/>
  </frame>
  <frame idx="50" w="162" h="256" x="-8.000000" y="-78.500000">
   <element name="Project/potato01" layername="potat" frame="2" z_index="3" m_a="1.000000" m_b="0.000000" m_c="0.000000" m_d="1.000000" m_tx="-62.000000" m_ty="-132.000000"/>
  </frame>
  <frame idx="75" w="162" h="256" x="-8.000000" y="-78.500000">
   <element name="Project/potato01" layername="potat" frame="2" z_index="3" m_a="1.000000" m_b="0.000000" m_c="0.000000" m_d="1.000000" m_tx="-62.000000" m_ty="-132.000000"/>
  </frame>
  <frame idx="100" w="162" h="256" x="-8.000000" y="-78.500000">
   <element name="Project/potato01" layername="potat" frame="2" z_index="3" m_a="1.000000" m_b="0.000000" m_c="0.000000" m_d="1.000000" m_tx="-62.000000" m_ty="-132.000000"/>
  </frame>
  <frame idx="125" w="162" h="256" x="-8.000000" y="-78.500000">
   <element name="Project/potato01" layername="potat" frame="2" z_index="3" m_a="1.000000" m_b="0.000000" m_c="0.000000" m_d="1.000000" m_tx="-62.000000" m_ty="-132.000000"/>
  </frame>
  <frame idx="150" w="162" h="256" x="-8.000000" y="-78.500000">
   <element name="Project/potato01" layername="potat" frame="2" z_index="3" m_a="1.000000" m_b="0.000000" m_c="0.000000" m_d="1.000000" m_tx="-62.000000" m_ty="-132.000000"/>
  </frame>
  <frame idx="175" w="162" h="256" x="-8.000000" y="-78.500000">
   <element name="Project/potato01" layername="potat" frame="2" z_index="3" m_a="1.000000" m_b="0.000000" m_c="0.000000" m_d="1.000000" m_tx="-62.000000" m_ty="-132.000000"/>
  </frame>
  <frame idx="200" w="162" h="256" x="-8.000000" y="-78.500000">
   <element name="Project/potato01" layername="potat" frame="2" z_index="3" m_a="1.000000" m_b="0.000000" m_c="0.000000" m_d="1.000000" m_tx="-62.000000" m_ty="-132.000000"/>
  </frame>
  <frame idx="225" w="162" h="256" x="-8.000000" y="-78.500000">
   <element name="Project/potato01" layername="potat" frame="2" z_index="3" m_a="1.000000" m_b="0.000000" m_c="0.000000" m_d="1.000000" m_tx="-62.000000" m_ty="-132.000000"/>
  </frame>
  <frame idx="250" w="162" h="256" x="-8.000000" y="-78.500000">
   <element name="Project/potato01" layername="potat" frame="2" z_index="3" m_a="1.000000" m_b="0.000000" m_c="0.000000" m_d="1.000000" m_tx="-62.000000" m_ty="-132.000000"/>
  </frame>
  <frame idx="275" w="162" h="256" x="-8.000000" y="-78.500000">
   <element name="Project/potato01" layername="potat" frame="2" z_index="3" m_a="1.000000" m_b="0.000000" m_c="0.000000" m_d="1.000000" m_tx="-62.000000" m_ty="-132.000000"/>
  </frame>
  <frame idx="300" w="162" h="256" x="-8.000000" y="-78.500000">
   <element name="Project/potato01" layername="potat" frame="2" z_index="3" m_a="1.000000" m_b="0.000000" m_c="0.000000" m_d="1.000000" m_tx="-62.000000" m_ty="-132.000000"/>
  </frame>
  <frame idx="325" w="162" h="256" x="-8.000000" y="-78.500000">
   <element name="Project/potato01" layername="potat" frame="2" z_index="3" m_a="1.000000" m_b="0.000000" m_c="0.000000" m_d="1.000000" m_tx="-62.000000" m_ty="-132.000000"/>
  </frame>
  <frame idx="350" w="162" h="256" x="-8.000000" y="-78.500000">
   <element name="Project/potato01" layername="potat" frame="2" z_index="3" m_a="1.000000" m_b="0.000000" m_c="0.000000" m_d="1.000000" m_tx="-62.000000" m_ty="-132.000000"/>
  </frame>
  <frame idx="375" w="162" h="256" x="-8.000000" y="-78.500000">
   <element name="Project/potato01" layername="potat" frame="2" z_index="3" m_a="1.000000" m_b="0.000000" m_c="0.000000" m_d="1.000000" m_tx="-62.000000" m_ty="-132.000000"/>
  </frame>
  <frame idx="400" w="162" h="256" x="-8.000000" y="-78.500000">
   <element name="Project/potato01" layername="potat" frame="2" z_index="3" m_a="1.000000" m_b="0.000000" m_c="0.000000" m_d="1.000000" m_tx="-62.000000" m_ty="-132.000000"/>
  </frame>
  <frame idx="425" w="162" h="256" x="-8.000000" y="-78.500000">
   <element name="Project/potato01" layername="potat" frame="2" z_index="3" m_a="1.000000" m_b="0.000000" m_c="0.000000" m_d="1.000000" m_tx="-62.000000" m_ty="-132.000000"/>
  </frame>
  <frame idx="450" w="162" h="256" x="-8.000000" y="-78.500000">
   <element name="Project/potato01" layername="potat" frame="2" z_index="3" m_a="1.000000" m_b="0.000000" m_c="0.000000" m_d="1.000000" m_tx="-62.000000" m_ty="-132.000000"/>
  </frame>
  <frame idx="475" w="162" h="256" x="-8.000000" y="-78.500000">
   <element name="Project/potato01" layername="potat" frame="2" z_index="3" m_a="1.000000" m_b="0.000000" m_c="0.000000" m_d="1.000000" m_tx="-62.000000" m_ty="-132.000000"/>
  </frame>
  <frame idx="500" w="162" h="256" x="-8.000000" y="-78.500000">
   <element name="Project/potato01" layername="potat" frame="2" z_index="3" m_a="1.000000" m_b="0.000000" m_c="0.000000" m_d="1.000000" m_tx="-62.000000" m_ty="-132.000000"/>
  </frame>
  <frame idx="525" w="162" h="256" x="-8.000000" y="-78.500000">
   <element name="Project/potato01" layername="potat" frame="2" z_index="3" m_a="1.000000" m_b="0.000000" m_c="0.000000" m_d="1.000000" m_tx="-62.000000" m_ty="-132.000000"/>
  </frame>
  <frame idx="550" w="162" h="256" x="-8.000000" y="-78.500000">
   <element name="Project/potato01" layername="potat" frame="2" z_index="3" m_a="1.000000" m_b="0.000000" m_c="0.000000" m_d="1.000000" m_tx="-62.000000" m_ty="-132.000000"/>
  </frame>
  <frame idx="575" w="162" h="256" x="-8.000000" y="-78.500000">
   <element name="Project/potato01" layername="potat" frame="2" z_index="3" m_a="1.000000" m_b="0.000000" m_c="0.000000" m_d="1.000000" m_tx="-62.000000" m_ty="-132.000000"/>
  </frame>
  <frame idx="600" w="162" h="256" x="-8.000000" y="-78.500000">
   <element name="Project/potato01" layername="potat" frame="2" z_index="3" m_a="1.000000" m_b="0.000000" m_c="0.000000" m_d="1.000000" m_tx="-62.000000" m_ty="-132.000000"/>
  </frame>
  <frame idx="625" w="162" h="256" x="-8.000000" y="-78.500000">
   <element name="Project/potato01" layername="potat" frame="2" z_index="3" m_a="1.000000" m_b="0.000000" m_c="0.000000" m_d="1.000000" m_tx="-62.000000" m_ty="-132.000000"/>
  </frame>
  <frame idx="650" w="162" h="256" x="-8.000000" y="-78.500000">
   <element name="Project/potato01" layername="potat" frame="2" z_index="3" m_a="1.000000" m_b="0.000000" m_c="0.000000" m_d="1.000000" m_tx="-62.000000" m_ty="-132.000000"/>
  </frame>
  <frame idx="675" w="162" h="256" x="-8.000000" y="-78.500000">
   <element name="Project/potato01" layername="potat" frame="2" z_index="3" m_a="1.000000" m_b="0.000000" m_c="0.000000" m_d="1.000000" m_tx="-62.000000" m_ty="-132.000000"/>
  </frame>
  <frame idx="700" w="162" h="256" x="-8.000000" y="-78.500000">
   <element name="Project/potato01" layername="potat" frame="2" z_index="3" m_a="1.000000" m_b="0.000000" m_c="0.000000" m_d="1.000000" m_tx="-62.000000" m_ty="-132.000000"/>
  </frame>
  <frame idx="725" w="162" h="256" x="-8.000000" y="-78.500000">
   <element name="Project/potato01" layername="potat" frame="2" z_index="3" m_a="1.000000" m_b="0.000000" m_c="0.000000" m_d="1.000000" m_tx="-62.000000" m_ty="-132.000000"/>
  </frame>
  <frame idx="750" w="162" h="256" x="-8.000000" y="-78.500000">
   <element name="Project/potato01" layername="potat" frame="2" z_index="3" m_a="1.000000" m_b="0.000000" m_c="0.000000" m_d="1.000000" m_tx="-62.000000" m_ty="-132.000000"/>
  </frame>
  <frame idx="775" w="162" h="256" x="-8.000000" y="-78.500000">
   <element name="Project/potato01" layername="potat" frame="2" z_index="3" m_a="1.000000" m_b="0.000000" m_c="0.000000" m_d="1.000000" m_tx="-62.000000" m_ty="-132.000000"/>
  </frame>
  <frame idx="800" w="162" h="256" x="-8.000000" y="-78.500000">
   <element name="Project/potato01" layername="potat" frame="2" z_index="3" m_a="1.000000" m_b="0.000000" m_c="0.000000" m_d="1.000000" m_tx="-62.000000" m_ty="-132.000000"/>
  </frame>
  <frame idx="825" w="162" h="256" x="-8.000000" y="-78.500000">
   <element name="Project/potato01" layername="potat" frame="2" z_index="3" m_a="1.000000" m_b="0.000000" m_c="0.000000" m_d="1.000000" m_tx="-62.000000" m_ty="-132.000000"/>
  </frame>
  <frame idx="850" w="162" h="256" x="-8.000000" y="-78.500000">
   <element name="Project/potato01" layername="potat" frame="2" z_index="3" m_a="1.000000" m_b="0.000000" m_c="0.000000" m_d="1.000000" m_tx="-62.000000" m_ty="-132.000000"/>
  </frame>
  <frame idx="875" w="162" h="256" x="-8.000000" y="-78.500000">
   <element name="Project/potato01" layername="potat" frame="2" z_index="3" m_a="1.000000" m_b="0.000000" m_c="0.000000" m_d="1.000000" m_tx="-62.000000" m_ty="-132.000000"/>
  </frame>
  <frame idx="900" w="162" h="256" x="-8.000000" y="-78.500000">
   <element name="Project/potato01" layername="potat" frame="2" z_index="3" m_a="1.000000" m_b="0.000000" m_c="0.000000" m_d="1.000000" m_tx="-62.000000" m_ty="-132.000000"/>
  </frame>
  <frame idx="925" w="162" h="256" x="-8.000000" y="-78.500000">
   <element name="Project/potato01" layername="potat" frame="2" z_index="3" m_a="1.000000" m_b="0.000000" m_c="0.000000" m_d="1.000000" m_tx="-62.000000" m_ty="-132.000000"/>
  </frame>
  <frame idx="950" w="162" h="256" x="-8.000000" y="-78.500000">
   <element name="Project/potato01" layername="potat" frame="2" z_index="3" m_a="1.000000" m_b="0.000000" m_c="0.000000" m_d="1.000000" m_tx="-62.000000" m_ty="-132.000000"/>
  </frame>
  <frame idx="975" w="162" h="256" x="-8.000000" y="-78.500000">
   <element name="Project/potato01" layername="potat" frame="2" z_index="3" m_a="1.000000" m_b="0.000000" m_c="0.000000" m_d="1.000000" m_tx="-62.000000" m_ty="-132.000000"/>
  </frame>
 </anim>
 <anim name="cooked_90s" root="potato" numframes="1000" framerate="40">
  <frame idx="0" w="159" h="123" x="-16.500000" y="-22.000000">
   <element name="Project/potato01" layername="potat" frame="1" z_index="3" m_a="1.000000" m_b="0.000000" m_c="0.000000" m_d="1.000000" m_tx="-69.000000" m_ty="-58.000000"/>
  </frame>
  <frame idx="25" w="159" h="123" x="-16.500000" y="-22.000000">
   <element name="Project/potato01" layername="potat" frame="1" z_index="3" m_a="1.000000" m_b="0.000000" m_c="0.000000" m_d="1.000000" m_tx="-69.000000" m_ty="-58.000000"/>
  </frame>
  <frame idx="50" w="159" h="123" x="-16.500000" y="-22.000000">
   <element name="Project/potato01" layername="potat" frame="1" z_index="3" m_a="1.000000" m_b="0.000000" m_c="0.000000" m_d="1.000000" m_tx="-69.000000" m_ty="-58.000000"/>
  </frame>
  <frame idx="75" w="159" h="123" x="-16.500000" y="-22.000000">
   <element name="Project/potato01" layername="potat" frame="1" z_index="3" m_a="1.000000" m_b="0.000000" m_c="0.000000" m_d="1.000000" m_tx="-69.000000" m_ty="-58.000000"/>
  </frame>
  <frame idx="100" w="159" h="123" x="-16.500000" y="-22.000000">
   <element name="Project/potato01" layername="potat" frame="1" z_index="3" m_a="1.000000" m_b="0.000000" m_c="0.000000" m_d="1.000000" m_tx="-69.000000" m_ty="-58.000000"/>
  </frame>
  <frame idx="125" w="159" h="123" x="-16.500000" y="-22.000000">
   <element name="Project/potato01" layername="potat" frame="1" z_index="3" m_a="1.000000" m_b="0.000000" m_c="0.000000" m_d="1.000000" m_tx="-69.000000" m_ty="-58.000000"/>
  </frame>
  <frame idx="150" w="159" h="123" x="-16.500000" y="-22.000000">
   <element name="Project/potato01" layername="potat" frame="1" z_index="3" m_a="1.000000" m_b="0.000000" m_c="0.000000" m_d="1.000000" m_tx="-69.000000" m_ty="-58.000000"/>
  </frame>
  <frame idx="175" w="159" h="123" x="-16.500000" y="-22.000000">
   <element name="Project/potato01" layername="potat" frame="1" z_index="3" m_a="1.000000" m_b="0.000000" m_c="0.000000" m_d="1.000000" m_tx="-69.000000" m_ty="-58.000000"/>
  </frame>
  <frame idx="200" w="159" h="123" x="-16.500000" y="-22.000000">
   <element name="Project/potato01" layername="potat" frame="1" z_index="3" m_a="1.000000" m_b="0.000000" m_c="0.000000" m_d="1.000000" m_tx="-69.000000" m_ty="-58.000000"/>
  </frame>
  <frame idx="225" w="159" h="123" x="-16.500000" y="-22.000000">
   <element name="Project/potato01" layername="potat" frame="1" z_index="3" m_a="1.000000" m_b="0.000000" m_c="0.000000" m_d="1.000000" m_tx="-69.000000" m_ty="-58.000000"/>
  </frame>
  <frame idx="250" w="159" h="123" x="-16.500000" y="-22.000000">
   <element name="Project/potato01" layername="potat" frame="1" z_index="3" m_a="1.000000" m_b="0.000000" m_c="0.000000" m_d="1.000000" m_tx="-69.000000" m_ty="-58.000000"/>
  </frame>
  <frame idx="275" w="159" h="123" x="-16.500000" y="-22.000000">
   <element name="Project/potato01" layername="potat" frame="1" z_index="3" m_a="1.000000" m_b="0.000000" m_c="0.000000" m_d="1.000000" m_tx="-69.000000" m_ty="-58.000000"/>
  </frame>
  <frame idx="300" w="159" h="123" x="-16.500000" y="-22.000000">
   <element name="Project/potato01" layername="potat" frame="1" z_index="3" m_a="1.000000" m_b="0.000000" m_c="0.000000" m_d="1.000000" m_tx="-69.000000" m_ty="-58.000000"/>
  </frame>
  <frame idx="325" w="159" h="123" x="-16.500000" y="-22.000000">
   <element name="Project/potato01" layername="potat" frame="1" z_index="3" m_a="1.000000" m_b="0.000000" m_c="0.000000" m_d="1.000000" m_tx="-69.000000" m_ty="-58.000000"/>
  </frame>
  <frame idx="350" w="159" h="123" x="-16.500000" y="-22.000000">
   <element name="Project/potato01" layername="potat" frame="1" z_index="3" m_a="1.000000" m_b="0.000000" m_c="0.000000" m_d="1.000000" m_tx="-69.000000" m_ty="-58.000000"/>
  </frame>
  <frame idx="375" w="159" h="123" x="-16.500000" y="-22.000000">
   <element name="Project/potato01" layername="potat" frame="1" z_index="3" m_a="1.000000" m_b="0.000000" m_c="0.000000" m_d="1.000000" m_tx="-69.000000" m_ty="-58.000000"/>
  </frame>
  <frame idx="400" w="159" h="123" x="-16.500000" y="-22.000000">
   <element name="Project/potato01" layername="potat" frame="1" z_index="3" m_a="1.000000" m_b="0.000000" m_c="0.000000" m_d="1.000000" m_tx="-69.000000" m_ty="-58.000000"/>
  </frame>
  <frame idx="425" w="159" h="123" x="-16.500000" y="-22.000000">
   <element name="Project/potato01" layername="potat" frame="1" z_index="3" m_a="1.000000" m_b="0.000000" m_c="0.000000" m_d="1.000000" m_tx="-69.000000" m_ty="-58.000000"/>
  </frame>
  <frame idx="450" w="159" h="123" x="-16.500000" y="-22.000000">
   <element name="Project/potato01" layername="potat" frame="1" z_index="3" m_a="1.000000" m_b="0.000000" m_c="0.000000" m_d="1.000000" m_tx="-69.000000" m_ty="-58.000000"/>
  </frame>
  <frame idx="475" w="159" h="123" x="-16.500000" y="-22.000000">
   <element name="Project/potato01" layername="potat" frame="1" z_index="3" m_a="1.000000" m_b="0.000000" m_c="0.000000" m_d="1.000000" m_tx="-69.000000" m_ty="-58.000000"/>
  </frame>
  <frame idx="500" w="159" h="123" x="-16.500000" y="-22.000000">
   <element name="Project/potato01" layername="potat" frame="1" z_index="3" m_a="1.000000" m_b="0.000000" m_c="0.000000" m_d="1.000000" m_tx="-69.000000" m_ty="-58.000000"/>
  </frame>
  <frame idx="525" w="159" h="123" x="-16.500000" y="-22.000000">
   <element name="Project/potato01" layername="potat" frame="1" z_index="3" m_a="1.000000" m_b="0.000000" m_c="0.000000" m_d="1.000000" m_tx="-69.000000" m_ty="-58.000000"/>
  </frame>
  <frame idx="550" w="159" h="123" x="-16.500000" y="-22.000000">
   <element name="Project/potato01" layername="potat" frame="1" z_index="3" m_a="1.000000" m_b="0.000000" m_c="0.000000" m_d="1.000000" m_tx="-69.000000" m_ty="-58.000000"/>
  </frame>
  <frame idx="575" w="159" h="123" x="-16.500000" y="-22.000000">
   <element name="Project/potato01" layername="potat" frame="1" z_index="3" m_a="1.000000" m_b="0.000000" m_c="0.000000" m_d="1.000000" m_tx="-69.000000" m_ty="-58.000000"/>
  </frame>
  <frame idx="600" w="159" h="123" x="-16.500000" y="-22.000000">
   <element name="Project/potato01" layername="potat" frame="1" z_index="3" m_a="1.000000" m_b="0.000000" m_c="0.000000" m_d="1.000000" m_tx="-69.000000" m_ty="-58.000000"/>
  </frame>
  <frame idx="625" w="159" h="123" x="-16.500000" y="-22.000000">
   <element name="Project/potato01" layername="potat" frame="1" z_index="3" m_a="1.000000" m_b="0.000000" m_c="0.000000" m_d="1.000000" m_tx="-69.000000" m_ty="-58.000000"/>
  </frame>
  <frame idx="650" w="159" h="123" x="-16.500000" y="-22.000000">
   <element name="Project/potato01" layername="potat" frame="1" z_index="3" m_a="1.000000" m_b="0.000000" m_c="0.000000" m_d="1.000000" m_tx="-69.000000" m_ty="-58.000000"/>
  </frame>
  <frame idx="675" w="159" h="123" x="-16.500000" y="-22.000000">
   <element name="Project/potato01" layername="potat" frame="1" z_index="3" m_a="1.000000" m_b="0.000000" m_c="0.000000" m_d="1.000000" m_tx="-69.000000" m_ty="-58.000000"/>
  </frame>
  <frame idx="700" w="159" h="123" x="-16.500000" y="-22.000000">
   <element name="Project/potato01" layername="potat" frame="1" z_index="3" m_a="1.000000" m_b="0.000000" m_c="0.000000" m_d="1.000000" m_tx="-69.000000" m_ty="-58.000000"/>
  </frame>
  <frame idx="725" w="159" h="123" x="-16.500000" y="-22.000000">
   <element name="Project/potato01" layername="potat" frame="1" z_index="3" m_a="1.000000" m_b="0.000000" m_c="0.000000" m_d="1.000000" m_tx="-69.000000" m_ty="-58.000000"/>
  </frame>
  <frame idx="750" w="159" h="123" x="-16.500000" y="-22.000000">
   <element name="Project/potato01" layername="potat" frame="1" z_index="3" m_a="1.000000" m_b="0.000000" m_c="0.000000" m_d="1.000000" m_tx="-69.000000" m_ty="-58.000000"/>
  </frame>
  <frame idx="775" w="159" h="123" x="-16.500000" y="-22.000000">
   <element name="Project/potato01" layername="potat" frame="1" z_index="3" m_a="1.000000" m_b="0.000000" m_c="0.000000" m_d="1.000000" m_tx="-69.000000" m_ty="-58.000000"/>
  </frame>
  <frame idx="800" w="159" h="123" x="-16.500000" y="-22.000000">
   <element name="Project/potato01" layername="potat" frame="1" z_index="3" m_a="1.000000" m_b="0.000000" m_c="0.000000" m_d="1.000000" m_tx="-69.000000" m_ty="-58.000000"/>
  </frame>
  <frame idx="825" w="159" h="123" x="-16.500000" y="-22.000000">
   <element name="Project/potato01" layername="potat" frame="1" z_index="3" m_a="1.000000" m_b="0.000000" m_c="0.000000" m_d="1.000000" m_tx="-69.000000" m_ty="-58.000000"/>
  </frame>
  <frame idx="850" w="159" h="123" x="-16.500000" y="-22.000000">
   <element name="Project/potato01" layername="potat" frame="1" z_index="3" m_a="1.000000" m_b="0.000000" m_c="0.000000" m_d="1.000000" m_tx="-69.000000" m_ty="-58.000000"/>
  </frame>
  <frame idx="875" w="159" h="123" x="-16.500000" y="-22.000000">
   <element name="Project/potato01" layername="potat" frame="1" z_index="3" m_a="1.000000" m_b="0.000000" m_c="0.000000" m_d="1.000000" m_tx="-69.000000" m_ty="-58.000000"/>
  </frame>
  <frame idx="900" w="159" h="123" x="-16.500000" y="-22.000000">
   <element name="Project/potato01" layername="potat" frame="1" z_index="3" m_a="1.000000" m_b="0.000000" m_c="0.000000" m_d="1.000000" m_tx="-69.000000" m_ty="-58.000000"/>
  </frame>
  <frame idx="925" w="159" h="123" x="-16.500000" y="-22.000000">
   <element name="Project/potato01" layername="potat" frame="1" z_index="3" m_a="1.000000" m_b="0.000000" m_c="0.000000" m_d="1.000000" m_tx="-69.000000" m_ty="-58.000000"/>
  </frame>
  <frame idx="950" w="159" h="123" x="-16.500000" y="-22.000000">
   <element name="Project/potato01" layername="potat" frame="1" z_index="3" m_a="1.000000" m_b="0.000000" m_c="0.000000" m_d="1.000000" m_tx="-69.000000" m_ty="-58.000000"/>
  </frame>
  <frame idx="975" w="159" h="123" x="-16.500000" y="-22.000000">
   <element name="Project/potato01" layername="potat" frame="1" z_index="3" m_a="1.000000" m_b="0.000000" m_c="0.000000" m_d="1.000000" m_tx="-69.000000" m_ty="-58.000000"/>
  </frame>
 </anim>
</Anims>
