<Anims>
 <anim name="idle" root="raspberries" numframes="1000" framerate="40">
  <frame idx="0" w="140" h="76" x="-7.320368" y="-7.110806">
   <element name="raspberries01" layername="raspberrie" frame="0" z_index="2" m_a="0.901244" m_b="0.000000" m_c="0.000000" m_d="0.901244" m_tx="4.679632" m_ty="-0.610806"/>
  </frame>
  <frame idx="25" w="140" h="76" x="-7.320368" y="-7.110806">
   <element name="raspberries01" layername="raspberrie" frame="0" z_index="2" m_a="0.901244" m_b="0.000000" m_c="0.000000" m_d="0.901244" m_tx="4.679632" m_ty="-0.610806"/>
  </frame>
  <frame idx="50" w="140" h="76" x="-7.320368" y="-7.110806">
   <element name="raspberries01" layername="raspberrie" frame="0" z_index="2" m_a="0.901244" m_b="0.000000" m_c="0.000000" m_d="0.901244" m_tx="4.679632" m_ty="-0.610806"/>
  </frame>
  <frame idx="75" w="140" h="76" x="-7.320368" y="-7.110806">
   <element name="raspberries01" layername="raspberrie" frame="0" z_index="2" m_a="0.901244" m_b="0.000000" m_c="0.000000" m_d="0.901244" m_tx="4.679632" m_ty="-0.610806"/>
  </frame>
  <frame idx="100" w="140" h="76" x="-7.320368" y="-7.110806">
   <element name="raspberries01" layername="raspberrie" frame="0" z_index="2" m_a="0.901244" m_b="0.000000" m_c="0.000000" m_d="0.901244" m_tx="4.679632" m_ty="-0.610806"/>
  </frame>
  <frame idx="125" w="140" h="76" x="-7.320368" y="-7.110806">
   <element name="raspberries01" layername="raspberrie" frame="0" z_index="2" m_a="0.901244" m_b="0.000000" m_c="0.000000" m_d="0.901244" m_tx="4.679632" m_ty="-0.610806"/>
  </frame>
  <frame idx="150" w="140" h="76" x="-7.320368" y="-7.110806">
   <element name="raspberries01" layername="raspberrie" frame="0" z_index="2" m_a="0.901244" m_b="0.000000" m_c="0.000000" m_d="0.901244" m_tx="4.679632" m_ty="-0.610806"/>
  </frame>
  <frame idx="175" w="140" h="76" x="-7.320368" y="-7.110806">
   <element name="raspberries01" layername="raspberrie" frame="0" z_index="2" m_a="0.901244" m_b="0.000000" m_c="0.000000" m_d="0.901244" m_tx="4.679632" m_ty="-0.610806"/>
  </frame>
  <frame idx="200" w="140" h="76" x="-7.320368" y="-7.110806">
   <element name="raspberries01" layername="raspberrie" frame="0" z_index="2" m_a="0.901244" m_b="0.000000" m_c="0.000000" m_d="0.901244" m_tx="4.679632" m_ty="-0.610806"/>
  </frame>
  <frame idx="225" w="140" h="76" x="-7.320368" y="-7.110806">
   <element name="raspberries01" layername="raspberrie" frame="0" z_index="2" m_a="0.901244" m_b="0.000000" m_c="0.000000" m_d="0.901244" m_tx="4.679632" m_ty="-0.610806"/>
  </frame>
  <frame idx="250" w="140" h="76" x="-7.320368" y="-7.110806">
   <element name="raspberries01" layername="raspberrie" frame="0" z_index="2" m_a="0.901244" m_b="0.000000" m_c="0.000000" m_d="0.901244" m_tx="4.679632" m_ty="-0.610806"/>
  </frame>
  <frame idx="275" w="140" h="76" x="-7.320368" y="-7.110806">
   <element name="raspberries01" layername="raspberrie" frame="0" z_index="2" m_a="0.901244" m_b="0.000000" m_c="0.000000" m_d="0.901244" m_tx="4.679632" m_ty="-0.610806"/>
  </frame>
  <frame idx="300" w="140" h="76" x="-7.320368" y="-7.110806">
   <element name="raspberries01" layername="raspberrie" frame="0" z_index="2" m_a="0.901244" m_b="0.000000" m_c="0.000000" m_d="0.901244" m_tx="4.679632" m_ty="-0.610806"/>
  </frame>
  <frame idx="325" w="140" h="76" x="-7.320368" y="-7.110806">
   <element name="raspberries01" layername="raspberrie" frame="0" z_index="2" m_a="0.901244" m_b="0.000000" m_c="0.000000" m_d="0.901244" m_tx="4.679632" m_ty="-0.610806"/>
  </frame>
  <frame idx="350" w="140" h="76" x="-7.320368" y="-7.110806">
   <element name="raspberries01" layername="raspberrie" frame="0" z_index="2" m_a="0.901244" m_b="0.000000" m_c="0.000000" m_d="0.901244" m_tx="4.679632" m_ty="-0.610806"/>
  </frame>
  <frame idx="375" w="140" h="76" x="-7.320368" y="-7.110806">
   <element name="raspberries01" layername="raspberrie" frame="0" z_index="2" m_a="0.901244" m_b="0.000000" m_c="0.000000" m_d="0.901244" m_tx="4.679632" m_ty="-0.610806"/>
  </frame>
  <frame idx="400" w="140" h="76" x="-7.320368" y="-7.110806">
   <element name="raspberries01" layername="raspberrie" frame="0" z_index="2" m_a="0.901244" m_b="0.000000" m_c="0.000000" m_d="0.901244" m_tx="4.679632" m_ty="-0.610806"/>
  </frame>
  <frame idx="425" w="140" h="76" x="-7.320368" y="-7.110806">
   <element name="raspberries01" layername="raspberrie" frame="0" z_index="2" m_a="0.901244" m_b="0.000000" m_c="0.000000" m_d="0.901244" m_tx="4.679632" m_ty="-0.610806"/>
  </frame>
  <frame idx="450" w="140" h="76" x="-7.320368" y="-7.110806">
   <element name="raspberries01" layername="raspberrie" frame="0" z_index="2" m_a="0.901244" m_b="0.000000" m_c="0.000000" m_d="0.901244" m_tx="4.679632" m_ty="-0.610806"/>
  </frame>
  <frame idx="475" w="140" h="76" x="-7.320368" y="-7.110806">
   <element name="raspberries01" layername="raspberrie" frame="0" z_index="2" m_a="0.901244" m_b="0.000000" m_c="0.000000" m_d="0.901244" m_tx="4.679632" m_ty="-0.610806"/>
  </frame>
  <frame idx="500" w="140" h="76" x="-7.320368" y="-7.110806">
   <element name="raspberries01" layername="raspberrie" frame="0" z_index="2" m_a="0.901244" m_b="0.000000" m_c="0.000000" m_d="0.901244" m_tx="4.679632" m_ty="-0.610806"/>
  </frame>
  <frame idx="525" w="140" h="76" x="-7.320368" y="-7.110806">
   <element name="raspberries01" layername="raspberrie" frame="0" z_index="2" m_a="0.901244" m_b="0.000000" m_c="0.000000" m_d="0.901244" m_tx="4.679632" m_ty="-0.610806"/>
  </frame>
  <frame idx="550" w="140" h="76" x="-7.320368" y="-7.110806">
   <element name="raspberries01" layername="raspberrie" frame="0" z_index="2" m_a="0.901244" m_b="0.000000" m_c="0.000000" m_d="0.901244" m_tx="4.679632" m_ty="-0.610806"/>
  </frame>
  <frame idx="575" w="140" h="76" x="-7.320368" y="-7.110806">
   <element name="raspberries01" layername="raspberrie" frame="0" z_index="2" m_a="0.901244" m_b="0.000000" m_c="0.000000" m_d="0.901244" m_tx="4.679632" m_ty="-0.610806"/>
  </frame>
  <frame idx="600" w="140" h="76" x="-7.320368" y="-7.110806">
   <element name="raspberries01" layername="raspberrie" frame="0" z_index="2" m_a="0.901244" m_b="0.000000" m_c="0.000000" m_d="0.901244" m_tx="4.679632" m_ty="-0.610806"/>
  </frame>
  <frame idx="625" w="140" h="76" x="-7.320368" y="-7.110806">
   <element name="raspberries01" layername="raspberrie" frame="0" z_index="2" m_a="0.901244" m_b="0.000000" m_c="0.000000" m_d="0.901244" m_tx="4.679632" m_ty="-0.610806"/>
  </frame>
  <frame idx="650" w="140" h="76" x="-7.320368" y="-7.110806">
   <element name="raspberries01" layername="raspberrie" frame="0" z_index="2" m_a="0.901244" m_b="0.000000" m_c="0.000000" m_d="0.901244" m_tx="4.679632" m_ty="-0.610806"/>
  </frame>
  <frame idx="675" w="140" h="76" x="-7.320368" y="-7.110806">
   <element name="raspberries01" layername="raspberrie" frame="0" z_index="2" m_a="0.901244" m_b="0.000000" m_c="0.000000" m_d="0.901244" m_tx="4.679632" m_ty="-0.610806"/>
  </frame>
  <frame idx="700" w="140" h="76" x="-7.320368" y="-7.110806">
   <element name="raspberries01" layername="raspberrie" frame="0" z_index="2" m_a="0.901244" m_b="0.000000" m_c="0.000000" m_d="0.901244" m_tx="4.679632" m_ty="-0.610806"/>
  </frame>
  <frame idx="725" w="140" h="76" x="-7.320368" y="-7.110806">
   <element name="raspberries01" layername="raspberrie" frame="0" z_index="2" m_a="0.901244" m_b="0.000000" m_c="0.000000" m_d="0.901244" m_tx="4.679632" m_ty="-0.610806"/>
  </frame>
  <frame idx="750" w="140" h="76" x="-7.320368" y="-7.110806">
   <element name="raspberries01" layername="raspberrie" frame="0" z_index="2" m_a="0.901244" m_b="0.000000" m_c="0.000000" m_d="0.901244" m_tx="4.679632" m_ty="-0.610806"/>
  </frame>
  <frame idx="775" w="140" h="76" x="-7.320368" y="-7.110806">
   <element name="raspberries01" layername="raspberrie" frame="0" z_index="2" m_a="0.901244" m_b="0.000000" m_c="0.000000" m_d="0.901244" m_tx="4.679632" m_ty="-0.610806"/>
  </frame>
  <frame idx="800" w="140" h="76" x="-7.320368" y="-7.110806">
   <element name="raspberries01" layername="raspberrie" frame="0" z_index="2" m_a="0.901244" m_b="0.000000" m_c="0.000000" m_d="0.901244" m_tx="4.679632" m_ty="-0.610806"/>
  </frame>
  <frame idx="825" w="140" h="76" x="-7.320368" y="-7.110806">
   <element name="raspberries01" layername="raspberrie" frame="0" z_index="2" m_a="0.901244" m_b="0.000000" m_c="0.000000" m_d="0.901244" m_tx="4.679632" m_ty="-0.610806"/>
  </frame>
  <frame idx="850" w="140" h="76" x="-7.320368" y="-7.110806">
   <element name="raspberries01" layername="raspberrie" frame="0" z_index="2" m_a="0.901244" m_b="0.000000" m_c="0.000000" m_d="0.901244" m_tx="4.679632" m_ty="-0.610806"/>
  </frame>
  <frame idx="875" w="140" h="76" x="-7.320368" y="-7.110806">
   <element name="raspberries01" layername="raspberrie" frame="0" z_index="2" m_a="0.901244" m_b="0.000000" m_c="0.000000" m_d="0.901244" m_tx="4.679632" m_ty="-0.610806"/>
  </frame>
  <frame idx="900" w="140" h="76" x="-7.320368" y="-7.110806">
   <element name="raspberries01" layername="raspberrie" frame="0" z_index="2" m_a="0.901244" m_b="0.000000" m_c="0.000000" m_d="0.901244" m_tx="4.679632" m_ty="-0.610806"/>
  </frame>
  <frame idx="925" w="140" h="76" x="-7.320368" y="-7.110806">
   <element name="raspberries01" layername="raspberrie" frame="0" z_index="2" m_a="0.901244" m_b="0.000000" m_c="0.000000" m_d="0.901244" m_tx="4.679632" m_ty="-0.610806"/>
  </frame>
  <frame idx="950" w="140" h="76" x="-7.320368" y="-7.110806">
   <element name="raspberries01" layername="raspberrie" frame="0" z_index="2" m_a="0.901244" m_b="0.000000" m_c="0.000000" m_d="0.901244" m_tx="4.679632" m_ty="-0.610806"/>
  </frame>
  <frame idx="975" w="140" h="76" x="-7.320368" y="-7.110806">
   <element name="raspberries01" layername="raspberrie" frame="0" z_index="2" m_a="0.901244" m_b="0.000000" m_c="0.000000" m_d="0.901244" m_tx="4.679632" m_ty="-0.610806"/>
  </frame>
 </anim>
 <anim name="cooked" root="raspberries" numframes="1000" framerate="40">
  <frame idx="0" w="116" h="122" x="-12.068576" y="-30.415922">
   <element name="raspberries01" layername="raspberrie" frame="1" z_index="2" m_a="0.805570" m_b="0.000000" m_c="0.000000" m_d="0.805570" m_tx="-2.068576" m_ty="-19.915922"/>
  </frame>
  <frame idx="25" w="116" h="122" x="-12.068576" y="-30.415922">
   <element name="raspberries01" layername="raspberrie" frame="1" z_index="2" m_a="0.805570" m_b="0.000000" m_c="0.000000" m_d="0.805570" m_tx="-2.068576" m_ty="-19.915922"/>
  </frame>
  <frame idx="50" w="116" h="122" x="-12.068576" y="-30.415922">
   <element name="raspberries01" layername="raspberrie" frame="1" z_index="2" m_a="0.805570" m_b="0.000000" m_c="0.000000" m_d="0.805570" m_tx="-2.068576" m_ty="-19.915922"/>
  </frame>
  <frame idx="75" w="116" h="122" x="-12.068576" y="-30.415922">
   <element name="raspberries01" layername="raspberrie" frame="1" z_index="2" m_a="0.805570" m_b="0.000000" m_c="0.000000" m_d="0.805570" m_tx="-2.068576" m_ty="-19.915922"/>
  </frame>
  <frame idx="100" w="116" h="122" x="-12.068576" y="-30.415922">
   <element name="raspberries01" layername="raspberrie" frame="1" z_index="2" m_a="0.805570" m_b="0.000000" m_c="0.000000" m_d="0.805570" m_tx="-2.068576" m_ty="-19.915922"/>
  </frame>
  <frame idx="125" w="116" h="122" x="-12.068576" y="-30.415922">
   <element name="raspberries01" layername="raspberrie" frame="1" z_index="2" m_a="0.805570" m_b="0.000000" m_c="0.000000" m_d="0.805570" m_tx="-2.068576" m_ty="-19.915922"/>
  </frame>
  <frame idx="150" w="116" h="122" x="-12.068576" y="-30.415922">
   <element name="raspberries01" layername="raspberrie" frame="1" z_index="2" m_a="0.805570" m_b="0.000000" m_c="0.000000" m_d="0.805570" m_tx="-2.068576" m_ty="-19.915922"/>
  </frame>
  <frame idx="175" w="116" h="122" x="-12.068576" y="-30.415922">
   <element name="raspberries01" layername="raspberrie" frame="1" z_index="2" m_a="0.805570" m_b="0.000000" m_c="0.000000" m_d="0.805570" m_tx="-2.068576" m_ty="-19.915922"/>
  </frame>
  <frame idx="200" w="116" h="122" x="-12.068576" y="-30.415922">
   <element name="raspberries01" layername="raspberrie" frame="1" z_index="2" m_a="0.805570" m_b="0.000000" m_c="0.000000" m_d="0.805570" m_tx="-2.068576" m_ty="-19.915922"/>
  </frame>
  <frame idx="225" w="116" h="122" x="-12.068576" y="-30.415922">
   <element name="raspberries01" layername="raspberrie" frame="1" z_index="2" m_a="0.805570" m_b="0.000000" m_c="0.000000" m_d="0.805570" m_tx="-2.068576" m_ty="-19.915922"/>
  </frame>
  <frame idx="250" w="116" h="122" x="-12.068576" y="-30.415922">
   <element name="raspberries01" layername="raspberrie" frame="1" z_index="2" m_a="0.805570" m_b="0.000000" m_c="0.000000" m_d="0.805570" m_tx="-2.068576" m_ty="-19.915922"/>
  </frame>
  <frame idx="275" w="116" h="122" x="-12.068576" y="-30.415922">
   <element name="raspberries01" layername="raspberrie" frame="1" z_index="2" m_a="0.805570" m_b="0.000000" m_c="0.000000" m_d="0.805570" m_tx="-2.068576" m_ty="-19.915922"/>
  </frame>
  <frame idx="300" w="116" h="122" x="-12.068576" y="-30.415922">
   <element name="raspberries01" layername="raspberrie" frame="1" z_index="2" m_a="0.805570" m_b="0.000000" m_c="0.000000" m_d="0.805570" m_tx="-2.068576" m_ty="-19.915922"/>
  </frame>
  <frame idx="325" w="116" h="122" x="-12.068576" y="-30.415922">
   <element name="raspberries01" layername="raspberrie" frame="1" z_index="2" m_a="0.805570" m_b="0.000000" m_c="0.000000" m_d="0.805570" m_tx="-2.068576" m_ty="-19.915922"/>
  </frame>
  <frame idx="350" w="116" h="122" x="-12.068576" y="-30.415922">
   <element name="raspberries01" layername="raspberrie" frame="1" z_index="2" m_a="0.805570" m_b="0.000000" m_c="0.000000" m_d="0.805570" m_tx="-2.068576" m_ty="-19.915922"/>
  </frame>
  <frame idx="375" w="116" h="122" x="-12.068576" y="-30.415922">
   <element name="raspberries01" layername="raspberrie" frame="1" z_index="2" m_a="0.805570" m_b="0.000000" m_c="0.000000" m_d="0.805570" m_tx="-2.068576" m_ty="-19.915922"/>
  </frame>
  <frame idx="400" w="116" h="122" x="-12.068576" y="-30.415922">
   <element name="raspberries01" layername="raspberrie" frame="1" z_index="2" m_a="0.805570" m_b="0.000000" m_c="0.000000" m_d="0.805570" m_tx="-2.068576" m_ty="-19.915922"/>
  </frame>
  <frame idx="425" w="116" h="122" x="-12.068576" y="-30.415922">
   <element name="raspberries01" layername="raspberrie" frame="1" z_index="2" m_a="0.805570" m_b="0.000000" m_c="0.000000" m_d="0.805570" m_tx="-2.068576" m_ty="-19.915922"/>
  </frame>
  <frame idx="450" w="116" h="122" x="-12.068576" y="-30.415922">
   <element name="raspberries01" layername="raspberrie" frame="1" z_index="2" m_a="0.805570" m_b="0.000000" m_c="0.000000" m_d="0.805570" m_tx="-2.068576" m_ty="-19.915922"/>
  </frame>
  <frame idx="475" w="116" h="122" x="-12.068576" y="-30.415922">
   <element name="raspberries01" layername="raspberrie" frame="1" z_index="2" m_a="0.805570" m_b="0.000000" m_c="0.000000" m_d="0.805570" m_tx="-2.068576" m_ty="-19.915922"/>
  </frame>
  <frame idx="500" w="116" h="122" x="-12.068576" y="-30.415922">
   <element name="raspberries01" layername="raspberrie" frame="1" z_index="2" m_a="0.805570" m_b="0.000000" m_c="0.000000" m_d="0.805570" m_tx="-2.068576" m_ty="-19.915922"/>
  </frame>
  <frame idx="525" w="116" h="122" x="-12.068576" y="-30.415922">
   <element name="raspberries01" layername="raspberrie" frame="1" z_index="2" m_a="0.805570" m_b="0.000000" m_c="0.000000" m_d="0.805570" m_tx="-2.068576" m_ty="-19.915922"/>
  </frame>
  <frame idx="550" w="116" h="122" x="-12.068576" y="-30.415922">
   <element name="raspberries01" layername="raspberrie" frame="1" z_index="2" m_a="0.805570" m_b="0.000000" m_c="0.000000" m_d="0.805570" m_tx="-2.068576" m_ty="-19.915922"/>
  </frame>
  <frame idx="575" w="116" h="122" x="-12.068576" y="-30.415922">
   <element name="raspberries01" layername="raspberrie" frame="1" z_index="2" m_a="0.805570" m_b="0.000000" m_c="0.000000" m_d="0.805570" m_tx="-2.068576" m_ty="-19.915922"/>
  </frame>
  <frame idx="600" w="116" h="122" x="-12.068576" y="-30.415922">
   <element name="raspberries01" layername="raspberrie" frame="1" z_index="2" m_a="0.805570" m_b="0.000000" m_c="0.000000" m_d="0.805570" m_tx="-2.068576" m_ty="-19.915922"/>
  </frame>
  <frame idx="625" w="116" h="122" x="-12.068576" y="-30.415922">
   <element name="raspberries01" layername="raspberrie" frame="1" z_index="2" m_a="0.805570" m_b="0.000000" m_c="0.000000" m_d="0.805570" m_tx="-2.068576" m_ty="-19.915922"/>
  </frame>
  <frame idx="650" w="116" h="122" x="-12.068576" y="-30.415922">
   <element name="raspberries01" layername="raspberrie" frame="1" z_index="2" m_a="0.805570" m_b="0.000000" m_c="0.000000" m_d="0.805570" m_tx="-2.068576" m_ty="-19.915922"/>
  </frame>
  <frame idx="675" w="116" h="122" x="-12.068576" y="-30.415922">
   <element name="raspberries01" layername="raspberrie" frame="1" z_index="2" m_a="0.805570" m_b="0.000000" m_c="0.000000" m_d="0.805570" m_tx="-2.068576" m_ty="-19.915922"/>
  </frame>
  <frame idx="700" w="116" h="122" x="-12.068576" y="-30.415922">
   <element name="raspberries01" layername="raspberrie" frame="1" z_index="2" m_a="0.805570" m_b="0.000000" m_c="0.000000" m_d="0.805570" m_tx="-2.068576" m_ty="-19.915922"/>
  </frame>
  <frame idx="725" w="116" h="122" x="-12.068576" y="-30.415922">
   <element name="raspberries01" layername="raspberrie" frame="1" z_index="2" m_a="0.805570" m_b="0.000000" m_c="0.000000" m_d="0.805570" m_tx="-2.068576" m_ty="-19.915922"/>
  </frame>
  <frame idx="750" w="116" h="122" x="-12.068576" y="-30.415922">
   <element name="raspberries01" layername="raspberrie" frame="1" z_index="2" m_a="0.805570" m_b="0.000000" m_c="0.000000" m_d="0.805570" m_tx="-2.068576" m_ty="-19.915922"/>
  </frame>
  <frame idx="775" w="116" h="122" x="-12.068576" y="-30.415922">
   <element name="raspberries01" layername="raspberrie" frame="1" z_index="2" m_a="0.805570" m_b="0.000000" m_c="0.000000" m_d="0.805570" m_tx="-2.068576" m_ty="-19.915922"/>
  </frame>
  <frame idx="800" w="116" h="122" x="-12.068576" y="-30.415922">
   <element name="raspberries01" layername="raspberrie" frame="1" z_index="2" m_a="0.805570" m_b="0.000000" m_c="0.000000" m_d="0.805570" m_tx="-2.068576" m_ty="-19.915922"/>
  </frame>
  <frame idx="825" w="116" h="122" x="-12.068576" y="-30.415922">
   <element name="raspberries01" layername="raspberrie" frame="1" z_index="2" m_a="0.805570" m_b="0.000000" m_c="0.000000" m_d="0.805570" m_tx="-2.068576" m_ty="-19.915922"/>
  </frame>
  <frame idx="850" w="116" h="122" x="-12.068576" y="-30.415922">
   <element name="raspberries01" layername="raspberrie" frame="1" z_index="2" m_a="0.805570" m_b="0.000000" m_c="0.000000" m_d="0.805570" m_tx="-2.068576" m_ty="-19.915922"/>
  </frame>
  <frame idx="875" w="116" h="122" x="-12.068576" y="-30.415922">
   <element name="raspberries01" layername="raspberrie" frame="1" z_index="2" m_a="0.805570" m_b="0.000000" m_c="0.000000" m_d="0.805570" m_tx="-2.068576" m_ty="-19.915922"/>
  </frame>
  <frame idx="900" w="116" h="122" x="-12.068576" y="-30.415922">
   <element name="raspberries01" layername="raspberrie" frame="1" z_index="2" m_a="0.805570" m_b="0.000000" m_c="0.000000" m_d="0.805570" m_tx="-2.068576" m_ty="-19.915922"/>
  </frame>
  <frame idx="925" w="116" h="122" x="-12.068576" y="-30.415922">
   <element name="raspberries01" layername="raspberrie" frame="1" z_index="2" m_a="0.805570" m_b="0.000000" m_c="0.000000" m_d="0.805570" m_tx="-2.068576" m_ty="-19.915922"/>
  </frame>
  <frame idx="950" w="116" h="122" x="-12.068576" y="-30.415922">
   <element name="raspberries01" layername="raspberrie" frame="1" z_index="2" m_a="0.805570" m_b="0.000000" m_c="0.000000" m_d="0.805570" m_tx="-2.068576" m_ty="-19.915922"/>
  </frame>
  <frame idx="975" w="116" h="122" x="-12.068576" y="-30.415922">
   <element name="raspberries01" layername="raspberrie" frame="1" z_index="2" m_a="0.805570" m_b="0.000000" m_c="0.000000" m_d="0.805570" m_tx="-2.068576" m_ty="-19.915922"/>
  </frame>
 </anim>
</Anims>
