<Anims>
 <anim name="idle_90s" root="raspberries" numframes="1000" framerate="40">
  <frame idx="0" w="154" h="87" x="-6.000000" y="-9.000000">
   <element name="Project/raspberries01" layername="raspberrie" frame="0" z_index="2" m_a="1.000000" m_b="0.000000" m_c="0.000000" m_d="1.000000" m_tx="-57.000000" m_ty="-33.000000"/>
  </frame>
  <frame idx="25" w="154" h="87" x="-6.000000" y="-9.000000">
   <element name="Project/raspberries01" layername="raspberrie" frame="0" z_index="2" m_a="1.000000" m_b="0.000000" m_c="0.000000" m_d="1.000000" m_tx="-57.000000" m_ty="-33.000000"/>
  </frame>
  <frame idx="50" w="154" h="87" x="-6.000000" y="-9.000000">
   <element name="Project/raspberries01" layername="raspberrie" frame="0" z_index="2" m_a="1.000000" m_b="0.000000" m_c="0.000000" m_d="1.000000" m_tx="-57.000000" m_ty="-33.000000"/>
  </frame>
  <frame idx="75" w="154" h="87" x="-6.000000" y="-9.000000">
   <element name="Project/raspberries01" layername="raspberrie" frame="0" z_index="2" m_a="1.000000" m_b="0.000000" m_c="0.000000" m_d="1.000000" m_tx="-57.000000" m_ty="-33.000000"/>
  </frame>
  <frame idx="100" w="154" h="87" x="-6.000000" y="-9.000000">
   <element name="Project/raspberries01" layername="raspberrie" frame="0" z_index="2" m_a="1.000000" m_b="0.000000" m_c="0.000000" m_d="1.000000" m_tx="-57.000000" m_ty="-33.000000"/>
  </frame>
  <frame idx="125" w="154" h="87" x="-6.000000" y="-9.000000">
   <element name="Project/raspberries01" layername="raspberrie" frame="0" z_index="2" m_a="1.000000" m_b="0.000000" m_c="0.000000" m_d="1.000000" m_tx="-57.000000" m_ty="-33.000000"/>
  </frame>
  <frame idx="150" w="154" h="87" x="-6.000000" y="-9.000000">
   <element name="Project/raspberries01" layername="raspberrie" frame="0" z_index="2" m_a="1.000000" m_b="0.000000" m_c="0.000000" m_d="1.000000" m_tx="-57.000000" m_ty="-33.000000"/>
  </frame>
  <frame idx="175" w="154" h="87" x="-6.000000" y="-9.000000">
   <element name="Project/raspberries01" layername="raspberrie" frame="0" z_index="2" m_a="1.000000" m_b="0.000000" m_c="0.000000" m_d="1.000000" m_tx="-57.000000" m_ty="-33.000000"/>
  </frame>
  <frame idx="200" w="154" h="87" x="-6.000000" y="-9.000000">
   <element name="Project/raspberries01" layername="raspberrie" frame="0" z_index="2" m_a="1.000000" m_b="0.000000" m_c="0.000000" m_d="1.000000" m_tx="-57.000000" m_ty="-33.000000"/>
  </frame>
  <frame idx="225" w="154" h="87" x="-6.000000" y="-9.000000">
   <element name="Project/raspberries01" layername="raspberrie" frame="0" z_index="2" m_a="1.000000" m_b="0.000000" m_c="0.000000" m_d="1.000000" m_tx="-57.000000" m_ty="-33.000000"/>
  </frame>
  <frame idx="250" w="154" h="87" x="-6.000000" y="-9.000000">
   <element name="Project/raspberries01" layername="raspberrie" frame="0" z_index="2" m_a="1.000000" m_b="0.000000" m_c="0.000000" m_d="1.000000" m_tx="-57.000000" m_ty="-33.000000"/>
  </frame>
  <frame idx="275" w="154" h="87" x="-6.000000" y="-9.000000">
   <element name="Project/raspberries01" layername="raspberrie" frame="0" z_index="2" m_a="1.000000" m_b="0.000000" m_c="0.000000" m_d="1.000000" m_tx="-57.000000" m_ty="-33.000000"/>
  </frame>
  <frame idx="300" w="154" h="87" x="-6.000000" y="-9.000000">
   <element name="Project/raspberries01" layername="raspberrie" frame="0" z_index="2" m_a="1.000000" m_b="0.000000" m_c="0.000000" m_d="1.000000" m_tx="-57.000000" m_ty="-33.000000"/>
  </frame>
  <frame idx="325" w="154" h="87" x="-6.000000" y="-9.000000">
   <element name="Project/raspberries01" layername="raspberrie" frame="0" z_index="2" m_a="1.000000" m_b="0.000000" m_c="0.000000" m_d="1.000000" m_tx="-57.000000" m_ty="-33.000000"/>
  </frame>
  <frame idx="350" w="154" h="87" x="-6.000000" y="-9.000000">
   <element name="Project/raspberries01" layername="raspberrie" frame="0" z_index="2" m_a="1.000000" m_b="0.000000" m_c="0.000000" m_d="1.000000" m_tx="-57.000000" m_ty="-33.000000"/>
  </frame>
  <frame idx="375" w="154" h="87" x="-6.000000" y="-9.000000">
   <element name="Project/raspberries01" layername="raspberrie" frame="0" z_index="2" m_a="1.000000" m_b="0.000000" m_c="0.000000" m_d="1.000000" m_tx="-57.000000" m_ty="-33.000000"/>
  </frame>
  <frame idx="400" w="154" h="87" x="-6.000000" y="-9.000000">
   <element name="Project/raspberries01" layername="raspberrie" frame="0" z_index="2" m_a="1.000000" m_b="0.000000" m_c="0.000000" m_d="1.000000" m_tx="-57.000000" m_ty="-33.000000"/>
  </frame>
  <frame idx="425" w="154" h="87" x="-6.000000" y="-9.000000">
   <element name="Project/raspberries01" layername="raspberrie" frame="0" z_index="2" m_a="1.000000" m_b="0.000000" m_c="0.000000" m_d="1.000000" m_tx="-57.000000" m_ty="-33.000000"/>
  </frame>
  <frame idx="450" w="154" h="87" x="-6.000000" y="-9.000000">
   <element name="Project/raspberries01" layername="raspberrie" frame="0" z_index="2" m_a="1.000000" m_b="0.000000" m_c="0.000000" m_d="1.000000" m_tx="-57.000000" m_ty="-33.000000"/>
  </frame>
  <frame idx="475" w="154" h="87" x="-6.000000" y="-9.000000">
   <element name="Project/raspberries01" layername="raspberrie" frame="0" z_index="2" m_a="1.000000" m_b="0.000000" m_c="0.000000" m_d="1.000000" m_tx="-57.000000" m_ty="-33.000000"/>
  </frame>
  <frame idx="500" w="154" h="87" x="-6.000000" y="-9.000000">
   <element name="Project/raspberries01" layername="raspberrie" frame="0" z_index="2" m_a="1.000000" m_b="0.000000" m_c="0.000000" m_d="1.000000" m_tx="-57.000000" m_ty="-33.000000"/>
  </frame>
  <frame idx="525" w="154" h="87" x="-6.000000" y="-9.000000">
   <element name="Project/raspberries01" layername="raspberrie" frame="0" z_index="2" m_a="1.000000" m_b="0.000000" m_c="0.000000" m_d="1.000000" m_tx="-57.000000" m_ty="-33.000000"/>
  </frame>
  <frame idx="550" w="154" h="87" x="-6.000000" y="-9.000000">
   <element name="Project/raspberries01" layername="raspberrie" frame="0" z_index="2" m_a="1.000000" m_b="0.000000" m_c="0.000000" m_d="1.000000" m_tx="-57.000000" m_ty="-33.000000"/>
  </frame>
  <frame idx="575" w="154" h="87" x="-6.000000" y="-9.000000">
   <element name="Project/raspberries01" layername="raspberrie" frame="0" z_index="2" m_a="1.000000" m_b="0.000000" m_c="0.000000" m_d="1.000000" m_tx="-57.000000" m_ty="-33.000000"/>
  </frame>
  <frame idx="600" w="154" h="87" x="-6.000000" y="-9.000000">
   <element name="Project/raspberries01" layername="raspberrie" frame="0" z_index="2" m_a="1.000000" m_b="0.000000" m_c="0.000000" m_d="1.000000" m_tx="-57.000000" m_ty="-33.000000"/>
  </frame>
  <frame idx="625" w="154" h="87" x="-6.000000" y="-9.000000">
   <element name="Project/raspberries01" layername="raspberrie" frame="0" z_index="2" m_a="1.000000" m_b="0.000000" m_c="0.000000" m_d="1.000000" m_tx="-57.000000" m_ty="-33.000000"/>
  </frame>
  <frame idx="650" w="154" h="87" x="-6.000000" y="-9.000000">
   <element name="Project/raspberries01" layername="raspberrie" frame="0" z_index="2" m_a="1.000000" m_b="0.000000" m_c="0.000000" m_d="1.000000" m_tx="-57.000000" m_ty="-33.000000"/>
  </frame>
  <frame idx="675" w="154" h="87" x="-6.000000" y="-9.000000">
   <element name="Project/raspberries01" layername="raspberrie" frame="0" z_index="2" m_a="1.000000" m_b="0.000000" m_c="0.000000" m_d="1.000000" m_tx="-57.000000" m_ty="-33.000000"/>
  </frame>
  <frame idx="700" w="154" h="87" x="-6.000000" y="-9.000000">
   <element name="Project/raspberries01" layername="raspberrie" frame="0" z_index="2" m_a="1.000000" m_b="0.000000" m_c="0.000000" m_d="1.000000" m_tx="-57.000000" m_ty="-33.000000"/>
  </frame>
  <frame idx="725" w="154" h="87" x="-6.000000" y="-9.000000">
   <element name="Project/raspberries01" layername="raspberrie" frame="0" z_index="2" m_a="1.000000" m_b="0.000000" m_c="0.000000" m_d="1.000000" m_tx="-57.000000" m_ty="-33.000000"/>
  </frame>
  <frame idx="750" w="154" h="87" x="-6.000000" y="-9.000000">
   <element name="Project/raspberries01" layername="raspberrie" frame="0" z_index="2" m_a="1.000000" m_b="0.000000" m_c="0.000000" m_d="1.000000" m_tx="-57.000000" m_ty="-33.000000"/>
  </frame>
  <frame idx="775" w="154" h="87" x="-6.000000" y="-9.000000">
   <element name="Project/raspberries01" layername="raspberrie" frame="0" z_index="2" m_a="1.000000" m_b="0.000000" m_c="0.000000" m_d="1.000000" m_tx="-57.000000" m_ty="-33.000000"/>
  </frame>
  <frame idx="800" w="154" h="87" x="-6.000000" y="-9.000000">
   <element name="Project/raspberries01" layername="raspberrie" frame="0" z_index="2" m_a="1.000000" m_b="0.000000" m_c="0.000000" m_d="1.000000" m_tx="-57.000000" m_ty="-33.000000"/>
  </frame>
  <frame idx="825" w="154" h="87" x="-6.000000" y="-9.000000">
   <element name="Project/raspberries01" layername="raspberrie" frame="0" z_index="2" m_a="1.000000" m_b="0.000000" m_c="0.000000" m_d="1.000000" m_tx="-57.000000" m_ty="-33.000000"/>
  </frame>
  <frame idx="850" w="154" h="87" x="-6.000000" y="-9.000000">
   <element name="Project/raspberries01" layername="raspberrie" frame="0" z_index="2" m_a="1.000000" m_b="0.000000" m_c="0.000000" m_d="1.000000" m_tx="-57.000000" m_ty="-33.000000"/>
  </frame>
  <frame idx="875" w="154" h="87" x="-6.000000" y="-9.000000">
   <element name="Project/raspberries01" layername="raspberrie" frame="0" z_index="2" m_a="1.000000" m_b="0.000000" m_c="0.000000" m_d="1.000000" m_tx="-57.000000" m_ty="-33.000000"/>
  </frame>
  <frame idx="900" w="154" h="87" x="-6.000000" y="-9.000000">
   <element name="Project/raspberries01" layername="raspberrie" frame="0" z_index="2" m_a="1.000000" m_b="0.000000" m_c="0.000000" m_d="1.000000" m_tx="-57.000000" m_ty="-33.000000"/>
  </frame>
  <frame idx="925" w="154" h="87" x="-6.000000" y="-9.000000">
   <element name="Project/raspberries01" layername="raspberrie" frame="0" z_index="2" m_a="1.000000" m_b="0.000000" m_c="0.000000" m_d="1.000000" m_tx="-57.000000" m_ty="-33.000000"/>
  </frame>
  <frame idx="950" w="154" h="87" x="-6.000000" y="-9.000000">
   <element name="Project/raspberries01" layername="raspberrie" frame="0" z_index="2" m_a="1.000000" m_b="0.000000" m_c="0.000000" m_d="1.000000" m_tx="-57.000000" m_ty="-33.000000"/>
  </frame>
  <frame idx="975" w="154" h="87" x="-6.000000" y="-9.000000">
   <element name="Project/raspberries01" layername="raspberrie" frame="0" z_index="2" m_a="1.000000" m_b="0.000000" m_c="0.000000" m_d="1.000000" m_tx="-57.000000" m_ty="-33.000000"/>
  </frame>
 </anim>
 <anim name="cooked_90s" root="raspberries" numframes="1000" framerate="40">
  <frame idx="0" w="143" h="150" x="-11.500000" y="-34.500000">
   <element name="Project/raspberries01" layername="raspberrie" frame="1" z_index="2" m_a="1.000000" m_b="0.000000" m_c="0.000000" m_d="1.000000" m_tx="-59.000000" m_ty="-73.000000"/>
  </frame>
  <frame idx="25" w="143" h="150" x="-11.500000" y="-34.500000">
   <element name="Project/raspberries01" layername="raspberrie" frame="1" z_index="2" m_a="1.000000" m_b="0.000000" m_c="0.000000" m_d="1.000000" m_tx="-59.000000" m_ty="-73.000000"/>
  </frame>
  <frame idx="50" w="143" h="150" x="-11.500000" y="-34.500000">
   <element name="Project/raspberries01" layername="raspberrie" frame="1" z_index="2" m_a="1.000000" m_b="0.000000" m_c="0.000000" m_d="1.000000" m_tx="-59.000000" m_ty="-73.000000"/>
  </frame>
  <frame idx="75" w="143" h="150" x="-11.500000" y="-34.500000">
   <element name="Project/raspberries01" layername="raspberrie" frame="1" z_index="2" m_a="1.000000" m_b="0.000000" m_c="0.000000" m_d="1.000000" m_tx="-59.000000" m_ty="-73.000000"/>
  </frame>
  <frame idx="100" w="143" h="150" x="-11.500000" y="-34.500000">
   <element name="Project/raspberries01" layername="raspberrie" frame="1" z_index="2" m_a="1.000000" m_b="0.000000" m_c="0.000000" m_d="1.000000" m_tx="-59.000000" m_ty="-73.000000"/>
  </frame>
  <frame idx="125" w="143" h="150" x="-11.500000" y="-34.500000">
   <element name="Project/raspberries01" layername="raspberrie" frame="1" z_index="2" m_a="1.000000" m_b="0.000000" m_c="0.000000" m_d="1.000000" m_tx="-59.000000" m_ty="-73.000000"/>
  </frame>
  <frame idx="150" w="143" h="150" x="-11.500000" y="-34.500000">
   <element name="Project/raspberries01" layername="raspberrie" frame="1" z_index="2" m_a="1.000000" m_b="0.000000" m_c="0.000000" m_d="1.000000" m_tx="-59.000000" m_ty="-73.000000"/>
  </frame>
  <frame idx="175" w="143" h="150" x="-11.500000" y="-34.500000">
   <element name="Project/raspberries01" layername="raspberrie" frame="1" z_index="2" m_a="1.000000" m_b="0.000000" m_c="0.000000" m_d="1.000000" m_tx="-59.000000" m_ty="-73.000000"/>
  </frame>
  <frame idx="200" w="143" h="150" x="-11.500000" y="-34.500000">
   <element name="Project/raspberries01" layername="raspberrie" frame="1" z_index="2" m_a="1.000000" m_b="0.000000" m_c="0.000000" m_d="1.000000" m_tx="-59.000000" m_ty="-73.000000"/>
  </frame>
  <frame idx="225" w="143" h="150" x="-11.500000" y="-34.500000">
   <element name="Project/raspberries01" layername="raspberrie" frame="1" z_index="2" m_a="1.000000" m_b="0.000000" m_c="0.000000" m_d="1.000000" m_tx="-59.000000" m_ty="-73.000000"/>
  </frame>
  <frame idx="250" w="143" h="150" x="-11.500000" y="-34.500000">
   <element name="Project/raspberries01" layername="raspberrie" frame="1" z_index="2" m_a="1.000000" m_b="0.000000" m_c="0.000000" m_d="1.000000" m_tx="-59.000000" m_ty="-73.000000"/>
  </frame>
  <frame idx="275" w="143" h="150" x="-11.500000" y="-34.500000">
   <element name="Project/raspberries01" layername="raspberrie" frame="1" z_index="2" m_a="1.000000" m_b="0.000000" m_c="0.000000" m_d="1.000000" m_tx="-59.000000" m_ty="-73.000000"/>
  </frame>
  <frame idx="300" w="143" h="150" x="-11.500000" y="-34.500000">
   <element name="Project/raspberries01" layername="raspberrie" frame="1" z_index="2" m_a="1.000000" m_b="0.000000" m_c="0.000000" m_d="1.000000" m_tx="-59.000000" m_ty="-73.000000"/>
  </frame>
  <frame idx="325" w="143" h="150" x="-11.500000" y="-34.500000">
   <element name="Project/raspberries01" layername="raspberrie" frame="1" z_index="2" m_a="1.000000" m_b="0.000000" m_c="0.000000" m_d="1.000000" m_tx="-59.000000" m_ty="-73.000000"/>
  </frame>
  <frame idx="350" w="143" h="150" x="-11.500000" y="-34.500000">
   <element name="Project/raspberries01" layername="raspberrie" frame="1" z_index="2" m_a="1.000000" m_b="0.000000" m_c="0.000000" m_d="1.000000" m_tx="-59.000000" m_ty="-73.000000"/>
  </frame>
  <frame idx="375" w="143" h="150" x="-11.500000" y="-34.500000">
   <element name="Project/raspberries01" layername="raspberrie" frame="1" z_index="2" m_a="1.000000" m_b="0.000000" m_c="0.000000" m_d="1.000000" m_tx="-59.000000" m_ty="-73.000000"/>
  </frame>
  <frame idx="400" w="143" h="150" x="-11.500000" y="-34.500000">
   <element name="Project/raspberries01" layername="raspberrie" frame="1" z_index="2" m_a="1.000000" m_b="0.000000" m_c="0.000000" m_d="1.000000" m_tx="-59.000000" m_ty="-73.000000"/>
  </frame>
  <frame idx="425" w="143" h="150" x="-11.500000" y="-34.500000">
   <element name="Project/raspberries01" layername="raspberrie" frame="1" z_index="2" m_a="1.000000" m_b="0.000000" m_c="0.000000" m_d="1.000000" m_tx="-59.000000" m_ty="-73.000000"/>
  </frame>
  <frame idx="450" w="143" h="150" x="-11.500000" y="-34.500000">
   <element name="Project/raspberries01" layername="raspberrie" frame="1" z_index="2" m_a="1.000000" m_b="0.000000" m_c="0.000000" m_d="1.000000" m_tx="-59.000000" m_ty="-73.000000"/>
  </frame>
  <frame idx="475" w="143" h="150" x="-11.500000" y="-34.500000">
   <element name="Project/raspberries01" layername="raspberrie" frame="1" z_index="2" m_a="1.000000" m_b="0.000000" m_c="0.000000" m_d="1.000000" m_tx="-59.000000" m_ty="-73.000000"/>
  </frame>
  <frame idx="500" w="143" h="150" x="-11.500000" y="-34.500000">
   <element name="Project/raspberries01" layername="raspberrie" frame="1" z_index="2" m_a="1.000000" m_b="0.000000" m_c="0.000000" m_d="1.000000" m_tx="-59.000000" m_ty="-73.000000"/>
  </frame>
  <frame idx="525" w="143" h="150" x="-11.500000" y="-34.500000">
   <element name="Project/raspberries01" layername="raspberrie" frame="1" z_index="2" m_a="1.000000" m_b="0.000000" m_c="0.000000" m_d="1.000000" m_tx="-59.000000" m_ty="-73.000000"/>
  </frame>
  <frame idx="550" w="143" h="150" x="-11.500000" y="-34.500000">
   <element name="Project/raspberries01" layername="raspberrie" frame="1" z_index="2" m_a="1.000000" m_b="0.000000" m_c="0.000000" m_d="1.000000" m_tx="-59.000000" m_ty="-73.000000"/>
  </frame>
  <frame idx="575" w="143" h="150" x="-11.500000" y="-34.500000">
   <element name="Project/raspberries01" layername="raspberrie" frame="1" z_index="2" m_a="1.000000" m_b="0.000000" m_c="0.000000" m_d="1.000000" m_tx="-59.000000" m_ty="-73.000000"/>
  </frame>
  <frame idx="600" w="143" h="150" x="-11.500000" y="-34.500000">
   <element name="Project/raspberries01" layername="raspberrie" frame="1" z_index="2" m_a="1.000000" m_b="0.000000" m_c="0.000000" m_d="1.000000" m_tx="-59.000000" m_ty="-73.000000"/>
  </frame>
  <frame idx="625" w="143" h="150" x="-11.500000" y="-34.500000">
   <element name="Project/raspberries01" layername="raspberrie" frame="1" z_index="2" m_a="1.000000" m_b="0.000000" m_c="0.000000" m_d="1.000000" m_tx="-59.000000" m_ty="-73.000000"/>
  </frame>
  <frame idx="650" w="143" h="150" x="-11.500000" y="-34.500000">
   <element name="Project/raspberries01" layername="raspberrie" frame="1" z_index="2" m_a="1.000000" m_b="0.000000" m_c="0.000000" m_d="1.000000" m_tx="-59.000000" m_ty="-73.000000"/>
  </frame>
  <frame idx="675" w="143" h="150" x="-11.500000" y="-34.500000">
   <element name="Project/raspberries01" layername="raspberrie" frame="1" z_index="2" m_a="1.000000" m_b="0.000000" m_c="0.000000" m_d="1.000000" m_tx="-59.000000" m_ty="-73.000000"/>
  </frame>
  <frame idx="700" w="143" h="150" x="-11.500000" y="-34.500000">
   <element name="Project/raspberries01" layername="raspberrie" frame="1" z_index="2" m_a="1.000000" m_b="0.000000" m_c="0.000000" m_d="1.000000" m_tx="-59.000000" m_ty="-73.000000"/>
  </frame>
  <frame idx="725" w="143" h="150" x="-11.500000" y="-34.500000">
   <element name="Project/raspberries01" layername="raspberrie" frame="1" z_index="2" m_a="1.000000" m_b="0.000000" m_c="0.000000" m_d="1.000000" m_tx="-59.000000" m_ty="-73.000000"/>
  </frame>
  <frame idx="750" w="143" h="150" x="-11.500000" y="-34.500000">
   <element name="Project/raspberries01" layername="raspberrie" frame="1" z_index="2" m_a="1.000000" m_b="0.000000" m_c="0.000000" m_d="1.000000" m_tx="-59.000000" m_ty="-73.000000"/>
  </frame>
  <frame idx="775" w="143" h="150" x="-11.500000" y="-34.500000">
   <element name="Project/raspberries01" layername="raspberrie" frame="1" z_index="2" m_a="1.000000" m_b="0.000000" m_c="0.000000" m_d="1.000000" m_tx="-59.000000" m_ty="-73.000000"/>
  </frame>
  <frame idx="800" w="143" h="150" x="-11.500000" y="-34.500000">
   <element name="Project/raspberries01" layername="raspberrie" frame="1" z_index="2" m_a="1.000000" m_b="0.000000" m_c="0.000000" m_d="1.000000" m_tx="-59.000000" m_ty="-73.000000"/>
  </frame>
  <frame idx="825" w="143" h="150" x="-11.500000" y="-34.500000">
   <element name="Project/raspberries01" layername="raspberrie" frame="1" z_index="2" m_a="1.000000" m_b="0.000000" m_c="0.000000" m_d="1.000000" m_tx="-59.000000" m_ty="-73.000000"/>
  </frame>
  <frame idx="850" w="143" h="150" x="-11.500000" y="-34.500000">
   <element name="Project/raspberries01" layername="raspberrie" frame="1" z_index="2" m_a="1.000000" m_b="0.000000" m_c="0.000000" m_d="1.000000" m_tx="-59.000000" m_ty="-73.000000"/>
  </frame>
  <frame idx="875" w="143" h="150" x="-11.500000" y="-34.500000">
   <element name="Project/raspberries01" layername="raspberrie" frame="1" z_index="2" m_a="1.000000" m_b="0.000000" m_c="0.000000" m_d="1.000000" m_tx="-59.000000" m_ty="-73.000000"/>
  </frame>
  <frame idx="900" w="143" h="150" x="-11.500000" y="-34.500000">
   <element name="Project/raspberries01" layername="raspberrie" frame="1" z_index="2" m_a="1.000000" m_b="0.000000" m_c="0.000000" m_d="1.000000" m_tx="-59.000000" m_ty="-73.000000"/>
  </frame>
  <frame idx="925" w="143" h="150" x="-11.500000" y="-34.500000">
   <element name="Project/raspberries01" layername="raspberrie" frame="1" z_index="2" m_a="1.000000" m_b="0.000000" m_c="0.000000" m_d="1.000000" m_tx="-59.000000" m_ty="-73.000000"/>
  </frame>
  <frame idx="950" w="143" h="150" x="-11.500000" y="-34.500000">
   <element name="Project/raspberries01" layername="raspberrie" frame="1" z_index="2" m_a="1.000000" m_b="0.000000" m_c="0.000000" m_d="1.000000" m_tx="-59.000000" m_ty="-73.000000"/>
  </frame>
  <frame idx="975" w="143" h="150" x="-11.500000" y="-34.500000">
   <element name="Project/raspberries01" layername="raspberrie" frame="1" z_index="2" m_a="1.000000" m_b="0.000000" m_c="0.000000" m_d="1.000000" m_tx="-59.000000" m_ty="-73.000000"/>
  </frame>
 </anim>
</Anims>
