<Anims>
 <anim name="idle" root="cauliflower" numframes="1000" framerate="40">
  <frame idx="0" w="281" h="229" x="-30.873951" y="-52.342381">
   <element name="cauliflower01" layername="cauliflowe" frame="0" z_index="2" m_a="0.944340" m_b="0.000000" m_c="0.000000" m_d="0.944340" m_tx="-7.373952" m_ty="-32.842381"/>
  </frame>
  <frame idx="25" w="281" h="229" x="-30.873951" y="-52.342381">
   <element name="cauliflower01" layername="cauliflowe" frame="0" z_index="2" m_a="0.944340" m_b="0.000000" m_c="0.000000" m_d="0.944340" m_tx="-7.373952" m_ty="-32.842381"/>
  </frame>
  <frame idx="50" w="281" h="229" x="-30.873951" y="-52.342381">
   <element name="cauliflower01" layername="cauliflowe" frame="0" z_index="2" m_a="0.944340" m_b="0.000000" m_c="0.000000" m_d="0.944340" m_tx="-7.373952" m_ty="-32.842381"/>
  </frame>
  <frame idx="75" w="281" h="229" x="-30.873951" y="-52.342381">
   <element name="cauliflower01" layername="cauliflowe" frame="0" z_index="2" m_a="0.944340" m_b="0.000000" m_c="0.000000" m_d="0.944340" m_tx="-7.373952" m_ty="-32.842381"/>
  </frame>
  <frame idx="100" w="281" h="229" x="-30.873951" y="-52.342381">
   <element name="cauliflower01" layername="cauliflowe" frame="0" z_index="2" m_a="0.944340" m_b="0.000000" m_c="0.000000" m_d="0.944340" m_tx="-7.373952" m_ty="-32.842381"/>
  </frame>
  <frame idx="125" w="281" h="229" x="-30.873951" y="-52.342381">
   <element name="cauliflower01" layername="cauliflowe" frame="0" z_index="2" m_a="0.944340" m_b="0.000000" m_c="0.000000" m_d="0.944340" m_tx="-7.373952" m_ty="-32.842381"/>
  </frame>
  <frame idx="150" w="281" h="229" x="-30.873951" y="-52.342381">
   <element name="cauliflower01" layername="cauliflowe" frame="0" z_index="2" m_a="0.944340" m_b="0.000000" m_c="0.000000" m_d="0.944340" m_tx="-7.373952" m_ty="-32.842381"/>
  </frame>
  <frame idx="175" w="281" h="229" x="-30.873951" y="-52.342381">
   <element name="cauliflower01" layername="cauliflowe" frame="0" z_index="2" m_a="0.944340" m_b="0.000000" m_c="0.000000" m_d="0.944340" m_tx="-7.373952" m_ty="-32.842381"/>
  </frame>
  <frame idx="200" w="281" h="229" x="-30.873951" y="-52.342381">
   <element name="cauliflower01" layername="cauliflowe" frame="0" z_index="2" m_a="0.944340" m_b="0.000000" m_c="0.000000" m_d="0.944340" m_tx="-7.373952" m_ty="-32.842381"/>
  </frame>
  <frame idx="225" w="281" h="229" x="-30.873951" y="-52.342381">
   <element name="cauliflower01" layername="cauliflowe" frame="0" z_index="2" m_a="0.944340" m_b="0.000000" m_c="0.000000" m_d="0.944340" m_tx="-7.373952" m_ty="-32.842381"/>
  </frame>
  <frame idx="250" w="281" h="229" x="-30.873951" y="-52.342381">
   <element name="cauliflower01" layername="cauliflowe" frame="0" z_index="2" m_a="0.944340" m_b="0.000000" m_c="0.000000" m_d="0.944340" m_tx="-7.373952" m_ty="-32.842381"/>
  </frame>
  <frame idx="275" w="281" h="229" x="-30.873951" y="-52.342381">
   <element name="cauliflower01" layername="cauliflowe" frame="0" z_index="2" m_a="0.944340" m_b="0.000000" m_c="0.000000" m_d="0.944340" m_tx="-7.373952" m_ty="-32.842381"/>
  </frame>
  <frame idx="300" w="281" h="229" x="-30.873951" y="-52.342381">
   <element name="cauliflower01" layername="cauliflowe" frame="0" z_index="2" m_a="0.944340" m_b="0.000000" m_c="0.000000" m_d="0.944340" m_tx="-7.373952" m_ty="-32.842381"/>
  </frame>
  <frame idx="325" w="281" h="229" x="-30.873951" y="-52.342381">
   <element name="cauliflower01" layername="cauliflowe" frame="0" z_index="2" m_a="0.944340" m_b="0.000000" m_c="0.000000" m_d="0.944340" m_tx="-7.373952" m_ty="-32.842381"/>
  </frame>
  <frame idx="350" w="281" h="229" x="-30.873951" y="-52.342381">
   <element name="cauliflower01" layername="cauliflowe" frame="0" z_index="2" m_a="0.944340" m_b="0.000000" m_c="0.000000" m_d="0.944340" m_tx="-7.373952" m_ty="-32.842381"/>
  </frame>
  <frame idx="375" w="281" h="229" x="-30.873951" y="-52.342381">
   <element name="cauliflower01" layername="cauliflowe" frame="0" z_index="2" m_a="0.944340" m_b="0.000000" m_c="0.000000" m_d="0.944340" m_tx="-7.373952" m_ty="-32.842381"/>
  </frame>
  <frame idx="400" w="281" h="229" x="-30.873951" y="-52.342381">
   <element name="cauliflower01" layername="cauliflowe" frame="0" z_index="2" m_a="0.944340" m_b="0.000000" m_c="0.000000" m_d="0.944340" m_tx="-7.373952" m_ty="-32.842381"/>
  </frame>
  <frame idx="425" w="281" h="229" x="-30.873951" y="-52.342381">
   <element name="cauliflower01" layername="cauliflowe" frame="0" z_index="2" m_a="0.944340" m_b="0.000000" m_c="0.000000" m_d="0.944340" m_tx="-7.373952" m_ty="-32.842381"/>
  </frame>
  <frame idx="450" w="281" h="229" x="-30.873951" y="-52.342381">
   <element name="cauliflower01" layername="cauliflowe" frame="0" z_index="2" m_a="0.944340" m_b="0.000000" m_c="0.000000" m_d="0.944340" m_tx="-7.373952" m_ty="-32.842381"/>
  </frame>
  <frame idx="475" w="281" h="229" x="-30.873951" y="-52.342381">
   <element name="cauliflower01" layername="cauliflowe" frame="0" z_index="2" m_a="0.944340" m_b="0.000000" m_c="0.000000" m_d="0.944340" m_tx="-7.373952" m_ty="-32.842381"/>
  </frame>
  <frame idx="500" w="281" h="229" x="-30.873951" y="-52.342381">
   <element name="cauliflower01" layername="cauliflowe" frame="0" z_index="2" m_a="0.944340" m_b="0.000000" m_c="0.000000" m_d="0.944340" m_tx="-7.373952" m_ty="-32.842381"/>
  </frame>
  <frame idx="525" w="281" h="229" x="-30.873951" y="-52.342381">
   <element name="cauliflower01" layername="cauliflowe" frame="0" z_index="2" m_a="0.944340" m_b="0.000000" m_c="0.000000" m_d="0.944340" m_tx="-7.373952" m_ty="-32.842381"/>
  </frame>
  <frame idx="550" w="281" h="229" x="-30.873951" y="-52.342381">
   <element name="cauliflower01" layername="cauliflowe" frame="0" z_index="2" m_a="0.944340" m_b="0.000000" m_c="0.000000" m_d="0.944340" m_tx="-7.373952" m_ty="-32.842381"/>
  </frame>
  <frame idx="575" w="281" h="229" x="-30.873951" y="-52.342381">
   <element name="cauliflower01" layername="cauliflowe" frame="0" z_index="2" m_a="0.944340" m_b="0.000000" m_c="0.000000" m_d="0.944340" m_tx="-7.373952" m_ty="-32.842381"/>
  </frame>
  <frame idx="600" w="281" h="229" x="-30.873951" y="-52.342381">
   <element name="cauliflower01" layername="cauliflowe" frame="0" z_index="2" m_a="0.944340" m_b="0.000000" m_c="0.000000" m_d="0.944340" m_tx="-7.373952" m_ty="-32.842381"/>
  </frame>
  <frame idx="625" w="281" h="229" x="-30.873951" y="-52.342381">
   <element name="cauliflower01" layername="cauliflowe" frame="0" z_index="2" m_a="0.944340" m_b="0.000000" m_c="0.000000" m_d="0.944340" m_tx="-7.373952" m_ty="-32.842381"/>
  </frame>
  <frame idx="650" w="281" h="229" x="-30.873951" y="-52.342381">
   <element name="cauliflower01" layername="cauliflowe" frame="0" z_index="2" m_a="0.944340" m_b="0.000000" m_c="0.000000" m_d="0.944340" m_tx="-7.373952" m_ty="-32.842381"/>
  </frame>
  <frame idx="675" w="281" h="229" x="-30.873951" y="-52.342381">
   <element name="cauliflower01" layername="cauliflowe" frame="0" z_index="2" m_a="0.944340" m_b="0.000000" m_c="0.000000" m_d="0.944340" m_tx="-7.373952" m_ty="-32.842381"/>
  </frame>
  <frame idx="700" w="281" h="229" x="-30.873951" y="-52.342381">
   <element name="cauliflower01" layername="cauliflowe" frame="0" z_index="2" m_a="0.944340" m_b="0.000000" m_c="0.000000" m_d="0.944340" m_tx="-7.373952" m_ty="-32.842381"/>
  </frame>
  <frame idx="725" w="281" h="229" x="-30.873951" y="-52.342381">
   <element name="cauliflower01" layername="cauliflowe" frame="0" z_index="2" m_a="0.944340" m_b="0.000000" m_c="0.000000" m_d="0.944340" m_tx="-7.373952" m_ty="-32.842381"/>
  </frame>
  <frame idx="750" w="281" h="229" x="-30.873951" y="-52.342381">
   <element name="cauliflower01" layername="cauliflowe" frame="0" z_index="2" m_a="0.944340" m_b="0.000000" m_c="0.000000" m_d="0.944340" m_tx="-7.373952" m_ty="-32.842381"/>
  </frame>
  <frame idx="775" w="281" h="229" x="-30.873951" y="-52.342381">
   <element name="cauliflower01" layername="cauliflowe" frame="0" z_index="2" m_a="0.944340" m_b="0.000000" m_c="0.000000" m_d="0.944340" m_tx="-7.373952" m_ty="-32.842381"/>
  </frame>
  <frame idx="800" w="281" h="229" x="-30.873951" y="-52.342381">
   <element name="cauliflower01" layername="cauliflowe" frame="0" z_index="2" m_a="0.944340" m_b="0.000000" m_c="0.000000" m_d="0.944340" m_tx="-7.373952" m_ty="-32.842381"/>
  </frame>
  <frame idx="825" w="281" h="229" x="-30.873951" y="-52.342381">
   <element name="cauliflower01" layername="cauliflowe" frame="0" z_index="2" m_a="0.944340" m_b="0.000000" m_c="0.000000" m_d="0.944340" m_tx="-7.373952" m_ty="-32.842381"/>
  </frame>
  <frame idx="850" w="281" h="229" x="-30.873951" y="-52.342381">
   <element name="cauliflower01" layername="cauliflowe" frame="0" z_index="2" m_a="0.944340" m_b="0.000000" m_c="0.000000" m_d="0.944340" m_tx="-7.373952" m_ty="-32.842381"/>
  </frame>
  <frame idx="875" w="281" h="229" x="-30.873951" y="-52.342381">
   <element name="cauliflower01" layername="cauliflowe" frame="0" z_index="2" m_a="0.944340" m_b="0.000000" m_c="0.000000" m_d="0.944340" m_tx="-7.373952" m_ty="-32.842381"/>
  </frame>
  <frame idx="900" w="281" h="229" x="-30.873951" y="-52.342381">
   <element name="cauliflower01" layername="cauliflowe" frame="0" z_index="2" m_a="0.944340" m_b="0.000000" m_c="0.000000" m_d="0.944340" m_tx="-7.373952" m_ty="-32.842381"/>
  </frame>
  <frame idx="925" w="281" h="229" x="-30.873951" y="-52.342381">
   <element name="cauliflower01" layername="cauliflowe" frame="0" z_index="2" m_a="0.944340" m_b="0.000000" m_c="0.000000" m_d="0.944340" m_tx="-7.373952" m_ty="-32.842381"/>
  </frame>
  <frame idx="950" w="281" h="229" x="-30.873951" y="-52.342381">
   <element name="cauliflower01" layername="cauliflowe" frame="0" z_index="2" m_a="0.944340" m_b="0.000000" m_c="0.000000" m_d="0.944340" m_tx="-7.373952" m_ty="-32.842381"/>
  </frame>
  <frame idx="975" w="281" h="229" x="-30.873951" y="-52.342381">
   <element name="cauliflower01" layername="cauliflowe" frame="0" z_index="2" m_a="0.944340" m_b="0.000000" m_c="0.000000" m_d="0.944340" m_tx="-7.373952" m_ty="-32.842381"/>
  </frame>
 </anim>
 <anim name="cooked" root="cauliflower" numframes="1000" framerate="40">
  <frame idx="0" w="154" h="150" x="-6.283211" y="-30.897690">
   <element name="cauliflower01" layername="cauliflowe" frame="1" z_index="2" m_a="0.806542" m_b="0.000000" m_c="0.000000" m_d="0.806542" m_tx="6.716789" m_ty="-18.397690"/>
  </frame>
  <frame idx="25" w="154" h="150" x="-6.283211" y="-30.897690">
   <element name="cauliflower01" layername="cauliflowe" frame="1" z_index="2" m_a="0.806542" m_b="0.000000" m_c="0.000000" m_d="0.806542" m_tx="6.716789" m_ty="-18.397690"/>
  </frame>
  <frame idx="50" w="154" h="150" x="-6.283211" y="-30.897690">
   <element name="cauliflower01" layername="cauliflowe" frame="1" z_index="2" m_a="0.806542" m_b="0.000000" m_c="0.000000" m_d="0.806542" m_tx="6.716789" m_ty="-18.397690"/>
  </frame>
  <frame idx="75" w="154" h="150" x="-6.283211" y="-30.897690">
   <element name="cauliflower01" layername="cauliflowe" frame="1" z_index="2" m_a="0.806542" m_b="0.000000" m_c="0.000000" m_d="0.806542" m_tx="6.716789" m_ty="-18.397690"/>
  </frame>
  <frame idx="100" w="154" h="150" x="-6.283211" y="-30.897690">
   <element name="cauliflower01" layername="cauliflowe" frame="1" z_index="2" m_a="0.806542" m_b="0.000000" m_c="0.000000" m_d="0.806542" m_tx="6.716789" m_ty="-18.397690"/>
  </frame>
  <frame idx="125" w="154" h="150" x="-6.283211" y="-30.897690">
   <element name="cauliflower01" layername="cauliflowe" frame="1" z_index="2" m_a="0.806542" m_b="0.000000" m_c="0.000000" m_d="0.806542" m_tx="6.716789" m_ty="-18.397690"/>
  </frame>
  <frame idx="150" w="154" h="150" x="-6.283211" y="-30.897690">
   <element name="cauliflower01" layername="cauliflowe" frame="1" z_index="2" m_a="0.806542" m_b="0.000000" m_c="0.000000" m_d="0.806542" m_tx="6.716789" m_ty="-18.397690"/>
  </frame>
  <frame idx="175" w="154" h="150" x="-6.283211" y="-30.897690">
   <element name="cauliflower01" layername="cauliflowe" frame="1" z_index="2" m_a="0.806542" m_b="0.000000" m_c="0.000000" m_d="0.806542" m_tx="6.716789" m_ty="-18.397690"/>
  </frame>
  <frame idx="200" w="154" h="150" x="-6.283211" y="-30.897690">
   <element name="cauliflower01" layername="cauliflowe" frame="1" z_index="2" m_a="0.806542" m_b="0.000000" m_c="0.000000" m_d="0.806542" m_tx="6.716789" m_ty="-18.397690"/>
  </frame>
  <frame idx="225" w="154" h="150" x="-6.283211" y="-30.897690">
   <element name="cauliflower01" layername="cauliflowe" frame="1" z_index="2" m_a="0.806542" m_b="0.000000" m_c="0.000000" m_d="0.806542" m_tx="6.716789" m_ty="-18.397690"/>
  </frame>
  <frame idx="250" w="154" h="150" x="-6.283211" y="-30.897690">
   <element name="cauliflower01" layername="cauliflowe" frame="1" z_index="2" m_a="0.806542" m_b="0.000000" m_c="0.000000" m_d="0.806542" m_tx="6.716789" m_ty="-18.397690"/>
  </frame>
  <frame idx="275" w="154" h="150" x="-6.283211" y="-30.897690">
   <element name="cauliflower01" layername="cauliflowe" frame="1" z_index="2" m_a="0.806542" m_b="0.000000" m_c="0.000000" m_d="0.806542" m_tx="6.716789" m_ty="-18.397690"/>
  </frame>
  <frame idx="300" w="154" h="150" x="-6.283211" y="-30.897690">
   <element name="cauliflower01" layername="cauliflowe" frame="1" z_index="2" m_a="0.806542" m_b="0.000000" m_c="0.000000" m_d="0.806542" m_tx="6.716789" m_ty="-18.397690"/>
  </frame>
  <frame idx="325" w="154" h="150" x="-6.283211" y="-30.897690">
   <element name="cauliflower01" layername="cauliflowe" frame="1" z_index="2" m_a="0.806542" m_b="0.000000" m_c="0.000000" m_d="0.806542" m_tx="6.716789" m_ty="-18.397690"/>
  </frame>
  <frame idx="350" w="154" h="150" x="-6.283211" y="-30.897690">
   <element name="cauliflower01" layername="cauliflowe" frame="1" z_index="2" m_a="0.806542" m_b="0.000000" m_c="0.000000" m_d="0.806542" m_tx="6.716789" m_ty="-18.397690"/>
  </frame>
  <frame idx="375" w="154" h="150" x="-6.283211" y="-30.897690">
   <element name="cauliflower01" layername="cauliflowe" frame="1" z_index="2" m_a="0.806542" m_b="0.000000" m_c="0.000000" m_d="0.806542" m_tx="6.716789" m_ty="-18.397690"/>
  </frame>
  <frame idx="400" w="154" h="150" x="-6.283211" y="-30.897690">
   <element name="cauliflower01" layername="cauliflowe" frame="1" z_index="2" m_a="0.806542" m_b="0.000000" m_c="0.000000" m_d="0.806542" m_tx="6.716789" m_ty="-18.397690"/>
  </frame>
  <frame idx="425" w="154" h="150" x="-6.283211" y="-30.897690">
   <element name="cauliflower01" layername="cauliflowe" frame="1" z_index="2" m_a="0.806542" m_b="0.000000" m_c="0.000000" m_d="0.806542" m_tx="6.716789" m_ty="-18.397690"/>
  </frame>
  <frame idx="450" w="154" h="150" x="-6.283211" y="-30.897690">
   <element name="cauliflower01" layername="cauliflowe" frame="1" z_index="2" m_a="0.806542" m_b="0.000000" m_c="0.000000" m_d="0.806542" m_tx="6.716789" m_ty="-18.397690"/>
  </frame>
  <frame idx="475" w="154" h="150" x="-6.283211" y="-30.897690">
   <element name="cauliflower01" layername="cauliflowe" frame="1" z_index="2" m_a="0.806542" m_b="0.000000" m_c="0.000000" m_d="0.806542" m_tx="6.716789" m_ty="-18.397690"/>
  </frame>
  <frame idx="500" w="154" h="150" x="-6.283211" y="-30.897690">
   <element name="cauliflower01" layername="cauliflowe" frame="1" z_index="2" m_a="0.806542" m_b="0.000000" m_c="0.000000" m_d="0.806542" m_tx="6.716789" m_ty="-18.397690"/>
  </frame>
  <frame idx="525" w="154" h="150" x="-6.283211" y="-30.897690">
   <element name="cauliflower01" layername="cauliflowe" frame="1" z_index="2" m_a="0.806542" m_b="0.000000" m_c="0.000000" m_d="0.806542" m_tx="6.716789" m_ty="-18.397690"/>
  </frame>
  <frame idx="550" w="154" h="150" x="-6.283211" y="-30.897690">
   <element name="cauliflower01" layername="cauliflowe" frame="1" z_index="2" m_a="0.806542" m_b="0.000000" m_c="0.000000" m_d="0.806542" m_tx="6.716789" m_ty="-18.397690"/>
  </frame>
  <frame idx="575" w="154" h="150" x="-6.283211" y="-30.897690">
   <element name="cauliflower01" layername="cauliflowe" frame="1" z_index="2" m_a="0.806542" m_b="0.000000" m_c="0.000000" m_d="0.806542" m_tx="6.716789" m_ty="-18.397690"/>
  </frame>
  <frame idx="600" w="154" h="150" x="-6.283211" y="-30.897690">
   <element name="cauliflower01" layername="cauliflowe" frame="1" z_index="2" m_a="0.806542" m_b="0.000000" m_c="0.000000" m_d="0.806542" m_tx="6.716789" m_ty="-18.397690"/>
  </frame>
  <frame idx="625" w="154" h="150" x="-6.283211" y="-30.897690">
   <element name="cauliflower01" layername="cauliflowe" frame="1" z_index="2" m_a="0.806542" m_b="0.000000" m_c="0.000000" m_d="0.806542" m_tx="6.716789" m_ty="-18.397690"/>
  </frame>
  <frame idx="650" w="154" h="150" x="-6.283211" y="-30.897690">
   <element name="cauliflower01" layername="cauliflowe" frame="1" z_index="2" m_a="0.806542" m_b="0.000000" m_c="0.000000" m_d="0.806542" m_tx="6.716789" m_ty="-18.397690"/>
  </frame>
  <frame idx="675" w="154" h="150" x="-6.283211" y="-30.897690">
   <element name="cauliflower01" layername="cauliflowe" frame="1" z_index="2" m_a="0.806542" m_b="0.000000" m_c="0.000000" m_d="0.806542" m_tx="6.716789" m_ty="-18.397690"/>
  </frame>
  <frame idx="700" w="154" h="150" x="-6.283211" y="-30.897690">
   <element name="cauliflower01" layername="cauliflowe" frame="1" z_index="2" m_a="0.806542" m_b="0.000000" m_c="0.000000" m_d="0.806542" m_tx="6.716789" m_ty="-18.397690"/>
  </frame>
  <frame idx="725" w="154" h="150" x="-6.283211" y="-30.897690">
   <element name="cauliflower01" layername="cauliflowe" frame="1" z_index="2" m_a="0.806542" m_b="0.000000" m_c="0.000000" m_d="0.806542" m_tx="6.716789" m_ty="-18.397690"/>
  </frame>
  <frame idx="750" w="154" h="150" x="-6.283211" y="-30.897690">
   <element name="cauliflower01" layername="cauliflowe" frame="1" z_index="2" m_a="0.806542" m_b="0.000000" m_c="0.000000" m_d="0.806542" m_tx="6.716789" m_ty="-18.397690"/>
  </frame>
  <frame idx="775" w="154" h="150" x="-6.283211" y="-30.897690">
   <element name="cauliflower01" layername="cauliflowe" frame="1" z_index="2" m_a="0.806542" m_b="0.000000" m_c="0.000000" m_d="0.806542" m_tx="6.716789" m_ty="-18.397690"/>
  </frame>
  <frame idx="800" w="154" h="150" x="-6.283211" y="-30.897690">
   <element name="cauliflower01" layername="cauliflowe" frame="1" z_index="2" m_a="0.806542" m_b="0.000000" m_c="0.000000" m_d="0.806542" m_tx="6.716789" m_ty="-18.397690"/>
  </frame>
  <frame idx="825" w="154" h="150" x="-6.283211" y="-30.897690">
   <element name="cauliflower01" layername="cauliflowe" frame="1" z_index="2" m_a="0.806542" m_b="0.000000" m_c="0.000000" m_d="0.806542" m_tx="6.716789" m_ty="-18.397690"/>
  </frame>
  <frame idx="850" w="154" h="150" x="-6.283211" y="-30.897690">
   <element name="cauliflower01" layername="cauliflowe" frame="1" z_index="2" m_a="0.806542" m_b="0.000000" m_c="0.000000" m_d="0.806542" m_tx="6.716789" m_ty="-18.397690"/>
  </frame>
  <frame idx="875" w="154" h="150" x="-6.283211" y="-30.897690">
   <element name="cauliflower01" layername="cauliflowe" frame="1" z_index="2" m_a="0.806542" m_b="0.000000" m_c="0.000000" m_d="0.806542" m_tx="6.716789" m_ty="-18.397690"/>
  </frame>
  <frame idx="900" w="154" h="150" x="-6.283211" y="-30.897690">
   <element name="cauliflower01" layername="cauliflowe" frame="1" z_index="2" m_a="0.806542" m_b="0.000000" m_c="0.000000" m_d="0.806542" m_tx="6.716789" m_ty="-18.397690"/>
  </frame>
  <frame idx="925" w="154" h="150" x="-6.283211" y="-30.897690">
   <element name="cauliflower01" layername="cauliflowe" frame="1" z_index="2" m_a="0.806542" m_b="0.000000" m_c="0.000000" m_d="0.806542" m_tx="6.716789" m_ty="-18.397690"/>
  </frame>
  <frame idx="950" w="154" h="150" x="-6.283211" y="-30.897690">
   <element name="cauliflower01" layername="cauliflowe" frame="1" z_index="2" m_a="0.806542" m_b="0.000000" m_c="0.000000" m_d="0.806542" m_tx="6.716789" m_ty="-18.397690"/>
  </frame>
  <frame idx="975" w="154" h="150" x="-6.283211" y="-30.897690">
   <element name="cauliflower01" layername="cauliflowe" frame="1" z_index="2" m_a="0.806542" m_b="0.000000" m_c="0.000000" m_d="0.806542" m_tx="6.716789" m_ty="-18.397690"/>
  </frame>
 </anim>
</Anims>
