<Anims>
 <anim name="idle_90s" root="lettuce" numframes="1000" framerate="40">
  <frame idx="0" w="267" h="256" x="-11.871162" y="-45.915283">
   <element name="Project/lettuce01" layername="lettuc" frame="0" z_index="2" m_a="0.816449" m_b="0.000000" m_c="0.000000" m_d="0.816449" m_tx="-100.000000" m_ty="-113.000000"/>
  </frame>
  <frame idx="25" w="267" h="256" x="-11.871162" y="-45.915283">
   <element name="Project/lettuce01" layername="lettuc" frame="0" z_index="2" m_a="0.816449" m_b="0.000000" m_c="0.000000" m_d="0.816449" m_tx="-100.000000" m_ty="-113.000000"/>
  </frame>
  <frame idx="50" w="267" h="256" x="-11.871162" y="-45.915283">
   <element name="Project/lettuce01" layername="lettuc" frame="0" z_index="2" m_a="0.816449" m_b="0.000000" m_c="0.000000" m_d="0.816449" m_tx="-100.000000" m_ty="-113.000000"/>
  </frame>
  <frame idx="75" w="267" h="256" x="-11.871162" y="-45.915283">
   <element name="Project/lettuce01" layername="lettuc" frame="0" z_index="2" m_a="0.816449" m_b="0.000000" m_c="0.000000" m_d="0.816449" m_tx="-100.000000" m_ty="-113.000000"/>
  </frame>
  <frame idx="100" w="267" h="256" x="-11.871162" y="-45.915283">
   <element name="Project/lettuce01" layername="lettuc" frame="0" z_index="2" m_a="0.816449" m_b="0.000000" m_c="0.000000" m_d="0.816449" m_tx="-100.000000" m_ty="-113.000000"/>
  </frame>
  <frame idx="125" w="267" h="256" x="-11.871162" y="-45.915283">
   <element name="Project/lettuce01" layername="lettuc" frame="0" z_index="2" m_a="0.816449" m_b="0.000000" m_c="0.000000" m_d="0.816449" m_tx="-100.000000" m_ty="-113.000000"/>
  </frame>
  <frame idx="150" w="267" h="256" x="-11.871162" y="-45.915283">
   <element name="Project/lettuce01" layername="lettuc" frame="0" z_index="2" m_a="0.816449" m_b="0.000000" m_c="0.000000" m_d="0.816449" m_tx="-100.000000" m_ty="-113.000000"/>
  </frame>
  <frame idx="175" w="267" h="256" x="-11.871162" y="-45.915283">
   <element name="Project/lettuce01" layername="lettuc" frame="0" z_index="2" m_a="0.816449" m_b="0.000000" m_c="0.000000" m_d="0.816449" m_tx="-100.000000" m_ty="-113.000000"/>
  </frame>
  <frame idx="200" w="267" h="256" x="-11.871162" y="-45.915283">
   <element name="Project/lettuce01" layername="lettuc" frame="0" z_index="2" m_a="0.816449" m_b="0.000000" m_c="0.000000" m_d="0.816449" m_tx="-100.000000" m_ty="-113.000000"/>
  </frame>
  <frame idx="225" w="267" h="256" x="-11.871162" y="-45.915283">
   <element name="Project/lettuce01" layername="lettuc" frame="0" z_index="2" m_a="0.816449" m_b="0.000000" m_c="0.000000" m_d="0.816449" m_tx="-100.000000" m_ty="-113.000000"/>
  </frame>
  <frame idx="250" w="267" h="256" x="-11.871162" y="-45.915283">
   <element name="Project/lettuce01" layername="lettuc" frame="0" z_index="2" m_a="0.816449" m_b="0.000000" m_c="0.000000" m_d="0.816449" m_tx="-100.000000" m_ty="-113.000000"/>
  </frame>
  <frame idx="275" w="267" h="256" x="-11.871162" y="-45.915283">
   <element name="Project/lettuce01" layername="lettuc" frame="0" z_index="2" m_a="0.816449" m_b="0.000000" m_c="0.000000" m_d="0.816449" m_tx="-100.000000" m_ty="-113.000000"/>
  </frame>
  <frame idx="300" w="267" h="256" x="-11.871162" y="-45.915283">
   <element name="Project/lettuce01" layername="lettuc" frame="0" z_index="2" m_a="0.816449" m_b="0.000000" m_c="0.000000" m_d="0.816449" m_tx="-100.000000" m_ty="-113.000000"/>
  </frame>
  <frame idx="325" w="267" h="256" x="-11.871162" y="-45.915283">
   <element name="Project/lettuce01" layername="lettuc" frame="0" z_index="2" m_a="0.816449" m_b="0.000000" m_c="0.000000" m_d="0.816449" m_tx="-100.000000" m_ty="-113.000000"/>
  </frame>
  <frame idx="350" w="267" h="256" x="-11.871162" y="-45.915283">
   <element name="Project/lettuce01" layername="lettuc" frame="0" z_index="2" m_a="0.816449" m_b="0.000000" m_c="0.000000" m_d="0.816449" m_tx="-100.000000" m_ty="-113.000000"/>
  </frame>
  <frame idx="375" w="267" h="256" x="-11.871162" y="-45.915283">
   <element name="Project/lettuce01" layername="lettuc" frame="0" z_index="2" m_a="0.816449" m_b="0.000000" m_c="0.000000" m_d="0.816449" m_tx="-100.000000" m_ty="-113.000000"/>
  </frame>
  <frame idx="400" w="267" h="256" x="-11.871162" y="-45.915283">
   <element name="Project/lettuce01" layername="lettuc" frame="0" z_index="2" m_a="0.816449" m_b="0.000000" m_c="0.000000" m_d="0.816449" m_tx="-100.000000" m_ty="-113.000000"/>
  </frame>
  <frame idx="425" w="267" h="256" x="-11.871162" y="-45.915283">
   <element name="Project/lettuce01" layername="lettuc" frame="0" z_index="2" m_a="0.816449" m_b="0.000000" m_c="0.000000" m_d="0.816449" m_tx="-100.000000" m_ty="-113.000000"/>
  </frame>
  <frame idx="450" w="267" h="256" x="-11.871162" y="-45.915283">
   <element name="Project/lettuce01" layername="lettuc" frame="0" z_index="2" m_a="0.816449" m_b="0.000000" m_c="0.000000" m_d="0.816449" m_tx="-100.000000" m_ty="-113.000000"/>
  </frame>
  <frame idx="475" w="267" h="256" x="-11.871162" y="-45.915283">
   <element name="Project/lettuce01" layername="lettuc" frame="0" z_index="2" m_a="0.816449" m_b="0.000000" m_c="0.000000" m_d="0.816449" m_tx="-100.000000" m_ty="-113.000000"/>
  </frame>
  <frame idx="500" w="267" h="256" x="-11.871162" y="-45.915283">
   <element name="Project/lettuce01" layername="lettuc" frame="0" z_index="2" m_a="0.816449" m_b="0.000000" m_c="0.000000" m_d="0.816449" m_tx="-100.000000" m_ty="-113.000000"/>
  </frame>
  <frame idx="525" w="267" h="256" x="-11.871162" y="-45.915283">
   <element name="Project/lettuce01" layername="lettuc" frame="0" z_index="2" m_a="0.816449" m_b="0.000000" m_c="0.000000" m_d="0.816449" m_tx="-100.000000" m_ty="-113.000000"/>
  </frame>
  <frame idx="550" w="267" h="256" x="-11.871162" y="-45.915283">
   <element name="Project/lettuce01" layername="lettuc" frame="0" z_index="2" m_a="0.816449" m_b="0.000000" m_c="0.000000" m_d="0.816449" m_tx="-100.000000" m_ty="-113.000000"/>
  </frame>
  <frame idx="575" w="267" h="256" x="-11.871162" y="-45.915283">
   <element name="Project/lettuce01" layername="lettuc" frame="0" z_index="2" m_a="0.816449" m_b="0.000000" m_c="0.000000" m_d="0.816449" m_tx="-100.000000" m_ty="-113.000000"/>
  </frame>
  <frame idx="600" w="267" h="256" x="-11.871162" y="-45.915283">
   <element name="Project/lettuce01" layername="lettuc" frame="0" z_index="2" m_a="0.816449" m_b="0.000000" m_c="0.000000" m_d="0.816449" m_tx="-100.000000" m_ty="-113.000000"/>
  </frame>
  <frame idx="625" w="267" h="256" x="-11.871162" y="-45.915283">
   <element name="Project/lettuce01" layername="lettuc" frame="0" z_index="2" m_a="0.816449" m_b="0.000000" m_c="0.000000" m_d="0.816449" m_tx="-100.000000" m_ty="-113.000000"/>
  </frame>
  <frame idx="650" w="267" h="256" x="-11.871162" y="-45.915283">
   <element name="Project/lettuce01" layername="lettuc" frame="0" z_index="2" m_a="0.816449" m_b="0.000000" m_c="0.000000" m_d="0.816449" m_tx="-100.000000" m_ty="-113.000000"/>
  </frame>
  <frame idx="675" w="267" h="256" x="-11.871162" y="-45.915283">
   <element name="Project/lettuce01" layername="lettuc" frame="0" z_index="2" m_a="0.816449" m_b="0.000000" m_c="0.000000" m_d="0.816449" m_tx="-100.000000" m_ty="-113.000000"/>
  </frame>
  <frame idx="700" w="267" h="256" x="-11.871162" y="-45.915283">
   <element name="Project/lettuce01" layername="lettuc" frame="0" z_index="2" m_a="0.816449" m_b="0.000000" m_c="0.000000" m_d="0.816449" m_tx="-100.000000" m_ty="-113.000000"/>
  </frame>
  <frame idx="725" w="267" h="256" x="-11.871162" y="-45.915283">
   <element name="Project/lettuce01" layername="lettuc" frame="0" z_index="2" m_a="0.816449" m_b="0.000000" m_c="0.000000" m_d="0.816449" m_tx="-100.000000" m_ty="-113.000000"/>
  </frame>
  <frame idx="750" w="267" h="256" x="-11.871162" y="-45.915283">
   <element name="Project/lettuce01" layername="lettuc" frame="0" z_index="2" m_a="0.816449" m_b="0.000000" m_c="0.000000" m_d="0.816449" m_tx="-100.000000" m_ty="-113.000000"/>
  </frame>
  <frame idx="775" w="267" h="256" x="-11.871162" y="-45.915283">
   <element name="Project/lettuce01" layername="lettuc" frame="0" z_index="2" m_a="0.816449" m_b="0.000000" m_c="0.000000" m_d="0.816449" m_tx="-100.000000" m_ty="-113.000000"/>
  </frame>
  <frame idx="800" w="267" h="256" x="-11.871162" y="-45.915283">
   <element name="Project/lettuce01" layername="lettuc" frame="0" z_index="2" m_a="0.816449" m_b="0.000000" m_c="0.000000" m_d="0.816449" m_tx="-100.000000" m_ty="-113.000000"/>
  </frame>
  <frame idx="825" w="267" h="256" x="-11.871162" y="-45.915283">
   <element name="Project/lettuce01" layername="lettuc" frame="0" z_index="2" m_a="0.816449" m_b="0.000000" m_c="0.000000" m_d="0.816449" m_tx="-100.000000" m_ty="-113.000000"/>
  </frame>
  <frame idx="850" w="267" h="256" x="-11.871162" y="-45.915283">
   <element name="Project/lettuce01" layername="lettuc" frame="0" z_index="2" m_a="0.816449" m_b="0.000000" m_c="0.000000" m_d="0.816449" m_tx="-100.000000" m_ty="-113.000000"/>
  </frame>
  <frame idx="875" w="267" h="256" x="-11.871162" y="-45.915283">
   <element name="Project/lettuce01" layername="lettuc" frame="0" z_index="2" m_a="0.816449" m_b="0.000000" m_c="0.000000" m_d="0.816449" m_tx="-100.000000" m_ty="-113.000000"/>
  </frame>
  <frame idx="900" w="267" h="256" x="-11.871162" y="-45.915283">
   <element name="Project/lettuce01" layername="lettuc" frame="0" z_index="2" m_a="0.816449" m_b="0.000000" m_c="0.000000" m_d="0.816449" m_tx="-100.000000" m_ty="-113.000000"/>
  </frame>
  <frame idx="925" w="267" h="256" x="-11.871162" y="-45.915283">
   <element name="Project/lettuce01" layername="lettuc" frame="0" z_index="2" m_a="0.816449" m_b="0.000000" m_c="0.000000" m_d="0.816449" m_tx="-100.000000" m_ty="-113.000000"/>
  </frame>
  <frame idx="950" w="267" h="256" x="-11.871162" y="-45.915283">
   <element name="Project/lettuce01" layername="lettuc" frame="0" z_index="2" m_a="0.816449" m_b="0.000000" m_c="0.000000" m_d="0.816449" m_tx="-100.000000" m_ty="-113.000000"/>
  </frame>
  <frame idx="975" w="267" h="256" x="-11.871162" y="-45.915283">
   <element name="Project/lettuce01" layername="lettuc" frame="0" z_index="2" m_a="0.816449" m_b="0.000000" m_c="0.000000" m_d="0.816449" m_tx="-100.000000" m_ty="-113.000000"/>
  </frame>
 </anim>
 <anim name="cooked_90s" root="lettuce" numframes="1000" framerate="40">
  <frame idx="0" w="262" h="95" x="-15.412285" y="-4.035122">
   <element name="Project/lettuce01" layername="lettuc" frame="1" z_index="2" m_a="0.816449" m_b="0.000000" m_c="0.000000" m_d="0.816449" m_tx="-102.000000" m_ty="-34.000000"/>
  </frame>
  <frame idx="25" w="262" h="95" x="-15.412285" y="-4.035122">
   <element name="Project/lettuce01" layername="lettuc" frame="1" z_index="2" m_a="0.816449" m_b="0.000000" m_c="0.000000" m_d="0.816449" m_tx="-102.000000" m_ty="-34.000000"/>
  </frame>
  <frame idx="50" w="262" h="95" x="-15.412285" y="-4.035122">
   <element name="Project/lettuce01" layername="lettuc" frame="1" z_index="2" m_a="0.816449" m_b="0.000000" m_c="0.000000" m_d="0.816449" m_tx="-102.000000" m_ty="-34.000000"/>
  </frame>
  <frame idx="75" w="262" h="95" x="-15.412285" y="-4.035122">
   <element name="Project/lettuce01" layername="lettuc" frame="1" z_index="2" m_a="0.816449" m_b="0.000000" m_c="0.000000" m_d="0.816449" m_tx="-102.000000" m_ty="-34.000000"/>
  </frame>
  <frame idx="100" w="262" h="95" x="-15.412285" y="-4.035122">
   <element name="Project/lettuce01" layername="lettuc" frame="1" z_index="2" m_a="0.816449" m_b="0.000000" m_c="0.000000" m_d="0.816449" m_tx="-102.000000" m_ty="-34.000000"/>
  </frame>
  <frame idx="125" w="262" h="95" x="-15.412285" y="-4.035122">
   <element name="Project/lettuce01" layername="lettuc" frame="1" z_index="2" m_a="0.816449" m_b="0.000000" m_c="0.000000" m_d="0.816449" m_tx="-102.000000" m_ty="-34.000000"/>
  </frame>
  <frame idx="150" w="262" h="95" x="-15.412285" y="-4.035122">
   <element name="Project/lettuce01" layername="lettuc" frame="1" z_index="2" m_a="0.816449" m_b="0.000000" m_c="0.000000" m_d="0.816449" m_tx="-102.000000" m_ty="-34.000000"/>
  </frame>
  <frame idx="175" w="262" h="95" x="-15.412285" y="-4.035122">
   <element name="Project/lettuce01" layername="lettuc" frame="1" z_index="2" m_a="0.816449" m_b="0.000000" m_c="0.000000" m_d="0.816449" m_tx="-102.000000" m_ty="-34.000000"/>
  </frame>
  <frame idx="200" w="262" h="95" x="-15.412285" y="-4.035122">
   <element name="Project/lettuce01" layername="lettuc" frame="1" z_index="2" m_a="0.816449" m_b="0.000000" m_c="0.000000" m_d="0.816449" m_tx="-102.000000" m_ty="-34.000000"/>
  </frame>
  <frame idx="225" w="262" h="95" x="-15.412285" y="-4.035122">
   <element name="Project/lettuce01" layername="lettuc" frame="1" z_index="2" m_a="0.816449" m_b="0.000000" m_c="0.000000" m_d="0.816449" m_tx="-102.000000" m_ty="-34.000000"/>
  </frame>
  <frame idx="250" w="262" h="95" x="-15.412285" y="-4.035122">
   <element name="Project/lettuce01" layername="lettuc" frame="1" z_index="2" m_a="0.816449" m_b="0.000000" m_c="0.000000" m_d="0.816449" m_tx="-102.000000" m_ty="-34.000000"/>
  </frame>
  <frame idx="275" w="262" h="95" x="-15.412285" y="-4.035122">
   <element name="Project/lettuce01" layername="lettuc" frame="1" z_index="2" m_a="0.816449" m_b="0.000000" m_c="0.000000" m_d="0.816449" m_tx="-102.000000" m_ty="-34.000000"/>
  </frame>
  <frame idx="300" w="262" h="95" x="-15.412285" y="-4.035122">
   <element name="Project/lettuce01" layername="lettuc" frame="1" z_index="2" m_a="0.816449" m_b="0.000000" m_c="0.000000" m_d="0.816449" m_tx="-102.000000" m_ty="-34.000000"/>
  </frame>
  <frame idx="325" w="262" h="95" x="-15.412285" y="-4.035122">
   <element name="Project/lettuce01" layername="lettuc" frame="1" z_index="2" m_a="0.816449" m_b="0.000000" m_c="0.000000" m_d="0.816449" m_tx="-102.000000" m_ty="-34.000000"/>
  </frame>
  <frame idx="350" w="262" h="95" x="-15.412285" y="-4.035122">
   <element name="Project/lettuce01" layername="lettuc" frame="1" z_index="2" m_a="0.816449" m_b="0.000000" m_c="0.000000" m_d="0.816449" m_tx="-102.000000" m_ty="-34.000000"/>
  </frame>
  <frame idx="375" w="262" h="95" x="-15.412285" y="-4.035122">
   <element name="Project/lettuce01" layername="lettuc" frame="1" z_index="2" m_a="0.816449" m_b="0.000000" m_c="0.000000" m_d="0.816449" m_tx="-102.000000" m_ty="-34.000000"/>
  </frame>
  <frame idx="400" w="262" h="95" x="-15.412285" y="-4.035122">
   <element name="Project/lettuce01" layername="lettuc" frame="1" z_index="2" m_a="0.816449" m_b="0.000000" m_c="0.000000" m_d="0.816449" m_tx="-102.000000" m_ty="-34.000000"/>
  </frame>
  <frame idx="425" w="262" h="95" x="-15.412285" y="-4.035122">
   <element name="Project/lettuce01" layername="lettuc" frame="1" z_index="2" m_a="0.816449" m_b="0.000000" m_c="0.000000" m_d="0.816449" m_tx="-102.000000" m_ty="-34.000000"/>
  </frame>
  <frame idx="450" w="262" h="95" x="-15.412285" y="-4.035122">
   <element name="Project/lettuce01" layername="lettuc" frame="1" z_index="2" m_a="0.816449" m_b="0.000000" m_c="0.000000" m_d="0.816449" m_tx="-102.000000" m_ty="-34.000000"/>
  </frame>
  <frame idx="475" w="262" h="95" x="-15.412285" y="-4.035122">
   <element name="Project/lettuce01" layername="lettuc" frame="1" z_index="2" m_a="0.816449" m_b="0.000000" m_c="0.000000" m_d="0.816449" m_tx="-102.000000" m_ty="-34.000000"/>
  </frame>
  <frame idx="500" w="262" h="95" x="-15.412285" y="-4.035122">
   <element name="Project/lettuce01" layername="lettuc" frame="1" z_index="2" m_a="0.816449" m_b="0.000000" m_c="0.000000" m_d="0.816449" m_tx="-102.000000" m_ty="-34.000000"/>
  </frame>
  <frame idx="525" w="262" h="95" x="-15.412285" y="-4.035122">
   <element name="Project/lettuce01" layername="lettuc" frame="1" z_index="2" m_a="0.816449" m_b="0.000000" m_c="0.000000" m_d="0.816449" m_tx="-102.000000" m_ty="-34.000000"/>
  </frame>
  <frame idx="550" w="262" h="95" x="-15.412285" y="-4.035122">
   <element name="Project/lettuce01" layername="lettuc" frame="1" z_index="2" m_a="0.816449" m_b="0.000000" m_c="0.000000" m_d="0.816449" m_tx="-102.000000" m_ty="-34.000000"/>
  </frame>
  <frame idx="575" w="262" h="95" x="-15.412285" y="-4.035122">
   <element name="Project/lettuce01" layername="lettuc" frame="1" z_index="2" m_a="0.816449" m_b="0.000000" m_c="0.000000" m_d="0.816449" m_tx="-102.000000" m_ty="-34.000000"/>
  </frame>
  <frame idx="600" w="262" h="95" x="-15.412285" y="-4.035122">
   <element name="Project/lettuce01" layername="lettuc" frame="1" z_index="2" m_a="0.816449" m_b="0.000000" m_c="0.000000" m_d="0.816449" m_tx="-102.000000" m_ty="-34.000000"/>
  </frame>
  <frame idx="625" w="262" h="95" x="-15.412285" y="-4.035122">
   <element name="Project/lettuce01" layername="lettuc" frame="1" z_index="2" m_a="0.816449" m_b="0.000000" m_c="0.000000" m_d="0.816449" m_tx="-102.000000" m_ty="-34.000000"/>
  </frame>
  <frame idx="650" w="262" h="95" x="-15.412285" y="-4.035122">
   <element name="Project/lettuce01" layername="lettuc" frame="1" z_index="2" m_a="0.816449" m_b="0.000000" m_c="0.000000" m_d="0.816449" m_tx="-102.000000" m_ty="-34.000000"/>
  </frame>
  <frame idx="675" w="262" h="95" x="-15.412285" y="-4.035122">
   <element name="Project/lettuce01" layername="lettuc" frame="1" z_index="2" m_a="0.816449" m_b="0.000000" m_c="0.000000" m_d="0.816449" m_tx="-102.000000" m_ty="-34.000000"/>
  </frame>
  <frame idx="700" w="262" h="95" x="-15.412285" y="-4.035122">
   <element name="Project/lettuce01" layername="lettuc" frame="1" z_index="2" m_a="0.816449" m_b="0.000000" m_c="0.000000" m_d="0.816449" m_tx="-102.000000" m_ty="-34.000000"/>
  </frame>
  <frame idx="725" w="262" h="95" x="-15.412285" y="-4.035122">
   <element name="Project/lettuce01" layername="lettuc" frame="1" z_index="2" m_a="0.816449" m_b="0.000000" m_c="0.000000" m_d="0.816449" m_tx="-102.000000" m_ty="-34.000000"/>
  </frame>
  <frame idx="750" w="262" h="95" x="-15.412285" y="-4.035122">
   <element name="Project/lettuce01" layername="lettuc" frame="1" z_index="2" m_a="0.816449" m_b="0.000000" m_c="0.000000" m_d="0.816449" m_tx="-102.000000" m_ty="-34.000000"/>
  </frame>
  <frame idx="775" w="262" h="95" x="-15.412285" y="-4.035122">
   <element name="Project/lettuce01" layername="lettuc" frame="1" z_index="2" m_a="0.816449" m_b="0.000000" m_c="0.000000" m_d="0.816449" m_tx="-102.000000" m_ty="-34.000000"/>
  </frame>
  <frame idx="800" w="262" h="95" x="-15.412285" y="-4.035122">
   <element name="Project/lettuce01" layername="lettuc" frame="1" z_index="2" m_a="0.816449" m_b="0.000000" m_c="0.000000" m_d="0.816449" m_tx="-102.000000" m_ty="-34.000000"/>
  </frame>
  <frame idx="825" w="262" h="95" x="-15.412285" y="-4.035122">
   <element name="Project/lettuce01" layername="lettuc" frame="1" z_index="2" m_a="0.816449" m_b="0.000000" m_c="0.000000" m_d="0.816449" m_tx="-102.000000" m_ty="-34.000000"/>
  </frame>
  <frame idx="850" w="262" h="95" x="-15.412285" y="-4.035122">
   <element name="Project/lettuce01" layername="lettuc" frame="1" z_index="2" m_a="0.816449" m_b="0.000000" m_c="0.000000" m_d="0.816449" m_tx="-102.000000" m_ty="-34.000000"/>
  </frame>
  <frame idx="875" w="262" h="95" x="-15.412285" y="-4.035122">
   <element name="Project/lettuce01" layername="lettuc" frame="1" z_index="2" m_a="0.816449" m_b="0.000000" m_c="0.000000" m_d="0.816449" m_tx="-102.000000" m_ty="-34.000000"/>
  </frame>
  <frame idx="900" w="262" h="95" x="-15.412285" y="-4.035122">
   <element name="Project/lettuce01" layername="lettuc" frame="1" z_index="2" m_a="0.816449" m_b="0.000000" m_c="0.000000" m_d="0.816449" m_tx="-102.000000" m_ty="-34.000000"/>
  </frame>
  <frame idx="925" w="262" h="95" x="-15.412285" y="-4.035122">
   <element name="Project/lettuce01" layername="lettuc" frame="1" z_index="2" m_a="0.816449" m_b="0.000000" m_c="0.000000" m_d="0.816449" m_tx="-102.000000" m_ty="-34.000000"/>
  </frame>
  <frame idx="950" w="262" h="95" x="-15.412285" y="-4.035122">
   <element name="Project/lettuce01" layername="lettuc" frame="1" z_index="2" m_a="0.816449" m_b="0.000000" m_c="0.000000" m_d="0.816449" m_tx="-102.000000" m_ty="-34.000000"/>
  </frame>
  <frame idx="975" w="262" h="95" x="-15.412285" y="-4.035122">
   <element name="Project/lettuce01" layername="lettuc" frame="1" z_index="2" m_a="0.816449" m_b="0.000000" m_c="0.000000" m_d="0.816449" m_tx="-102.000000" m_ty="-34.000000"/>
  </frame>
 </anim>
</Anims>
