<Anims>
 <anim name="idle" root="lettuce" numframes="1000" framerate="40">
  <frame idx="0" w="236" h="233" x="-4.253148" y="-40.230381">
   <element name="lettuce01" layername="lettuc" frame="0" z_index="2" m_a="0.721379" m_b="0.000000" m_c="0.000000" m_d="0.721379" m_tx="15.746852" m_ty="-20.730381"/>
  </frame>
  <frame idx="25" w="236" h="233" x="-4.253148" y="-40.230381">
   <element name="lettuce01" layername="lettuc" frame="0" z_index="2" m_a="0.721379" m_b="0.000000" m_c="0.000000" m_d="0.721379" m_tx="15.746852" m_ty="-20.730381"/>
  </frame>
  <frame idx="50" w="236" h="233" x="-4.253148" y="-40.230381">
   <element name="lettuce01" layername="lettuc" frame="0" z_index="2" m_a="0.721379" m_b="0.000000" m_c="0.000000" m_d="0.721379" m_tx="15.746852" m_ty="-20.730381"/>
  </frame>
  <frame idx="75" w="236" h="233" x="-4.253148" y="-40.230381">
   <element name="lettuce01" layername="lettuc" frame="0" z_index="2" m_a="0.721379" m_b="0.000000" m_c="0.000000" m_d="0.721379" m_tx="15.746852" m_ty="-20.730381"/>
  </frame>
  <frame idx="100" w="236" h="233" x="-4.253148" y="-40.230381">
   <element name="lettuce01" layername="lettuc" frame="0" z_index="2" m_a="0.721379" m_b="0.000000" m_c="0.000000" m_d="0.721379" m_tx="15.746852" m_ty="-20.730381"/>
  </frame>
  <frame idx="125" w="236" h="233" x="-4.253148" y="-40.230381">
   <element name="lettuce01" layername="lettuc" frame="0" z_index="2" m_a="0.721379" m_b="0.000000" m_c="0.000000" m_d="0.721379" m_tx="15.746852" m_ty="-20.730381"/>
  </frame>
  <frame idx="150" w="236" h="233" x="-4.253148" y="-40.230381">
   <element name="lettuce01" layername="lettuc" frame="0" z_index="2" m_a="0.721379" m_b="0.000000" m_c="0.000000" m_d="0.721379" m_tx="15.746852" m_ty="-20.730381"/>
  </frame>
  <frame idx="175" w="236" h="233" x="-4.253148" y="-40.230381">
   <element name="lettuce01" layername="lettuc" frame="0" z_index="2" m_a="0.721379" m_b="0.000000" m_c="0.000000" m_d="0.721379" m_tx="15.746852" m_ty="-20.730381"/>
  </frame>
  <frame idx="200" w="236" h="233" x="-4.253148" y="-40.230381">
   <element name="lettuce01" layername="lettuc" frame="0" z_index="2" m_a="0.721379" m_b="0.000000" m_c="0.000000" m_d="0.721379" m_tx="15.746852" m_ty="-20.730381"/>
  </frame>
  <frame idx="225" w="236" h="233" x="-4.253148" y="-40.230381">
   <element name="lettuce01" layername="lettuc" frame="0" z_index="2" m_a="0.721379" m_b="0.000000" m_c="0.000000" m_d="0.721379" m_tx="15.746852" m_ty="-20.730381"/>
  </frame>
  <frame idx="250" w="236" h="233" x="-4.253148" y="-40.230381">
   <element name="lettuce01" layername="lettuc" frame="0" z_index="2" m_a="0.721379" m_b="0.000000" m_c="0.000000" m_d="0.721379" m_tx="15.746852" m_ty="-20.730381"/>
  </frame>
  <frame idx="275" w="236" h="233" x="-4.253148" y="-40.230381">
   <element name="lettuce01" layername="lettuc" frame="0" z_index="2" m_a="0.721379" m_b="0.000000" m_c="0.000000" m_d="0.721379" m_tx="15.746852" m_ty="-20.730381"/>
  </frame>
  <frame idx="300" w="236" h="233" x="-4.253148" y="-40.230381">
   <element name="lettuce01" layername="lettuc" frame="0" z_index="2" m_a="0.721379" m_b="0.000000" m_c="0.000000" m_d="0.721379" m_tx="15.746852" m_ty="-20.730381"/>
  </frame>
  <frame idx="325" w="236" h="233" x="-4.253148" y="-40.230381">
   <element name="lettuce01" layername="lettuc" frame="0" z_index="2" m_a="0.721379" m_b="0.000000" m_c="0.000000" m_d="0.721379" m_tx="15.746852" m_ty="-20.730381"/>
  </frame>
  <frame idx="350" w="236" h="233" x="-4.253148" y="-40.230381">
   <element name="lettuce01" layername="lettuc" frame="0" z_index="2" m_a="0.721379" m_b="0.000000" m_c="0.000000" m_d="0.721379" m_tx="15.746852" m_ty="-20.730381"/>
  </frame>
  <frame idx="375" w="236" h="233" x="-4.253148" y="-40.230381">
   <element name="lettuce01" layername="lettuc" frame="0" z_index="2" m_a="0.721379" m_b="0.000000" m_c="0.000000" m_d="0.721379" m_tx="15.746852" m_ty="-20.730381"/>
  </frame>
  <frame idx="400" w="236" h="233" x="-4.253148" y="-40.230381">
   <element name="lettuce01" layername="lettuc" frame="0" z_index="2" m_a="0.721379" m_b="0.000000" m_c="0.000000" m_d="0.721379" m_tx="15.746852" m_ty="-20.730381"/>
  </frame>
  <frame idx="425" w="236" h="233" x="-4.253148" y="-40.230381">
   <element name="lettuce01" layername="lettuc" frame="0" z_index="2" m_a="0.721379" m_b="0.000000" m_c="0.000000" m_d="0.721379" m_tx="15.746852" m_ty="-20.730381"/>
  </frame>
  <frame idx="450" w="236" h="233" x="-4.253148" y="-40.230381">
   <element name="lettuce01" layername="lettuc" frame="0" z_index="2" m_a="0.721379" m_b="0.000000" m_c="0.000000" m_d="0.721379" m_tx="15.746852" m_ty="-20.730381"/>
  </frame>
  <frame idx="475" w="236" h="233" x="-4.253148" y="-40.230381">
   <element name="lettuce01" layername="lettuc" frame="0" z_index="2" m_a="0.721379" m_b="0.000000" m_c="0.000000" m_d="0.721379" m_tx="15.746852" m_ty="-20.730381"/>
  </frame>
  <frame idx="500" w="236" h="233" x="-4.253148" y="-40.230381">
   <element name="lettuce01" layername="lettuc" frame="0" z_index="2" m_a="0.721379" m_b="0.000000" m_c="0.000000" m_d="0.721379" m_tx="15.746852" m_ty="-20.730381"/>
  </frame>
  <frame idx="525" w="236" h="233" x="-4.253148" y="-40.230381">
   <element name="lettuce01" layername="lettuc" frame="0" z_index="2" m_a="0.721379" m_b="0.000000" m_c="0.000000" m_d="0.721379" m_tx="15.746852" m_ty="-20.730381"/>
  </frame>
  <frame idx="550" w="236" h="233" x="-4.253148" y="-40.230381">
   <element name="lettuce01" layername="lettuc" frame="0" z_index="2" m_a="0.721379" m_b="0.000000" m_c="0.000000" m_d="0.721379" m_tx="15.746852" m_ty="-20.730381"/>
  </frame>
  <frame idx="575" w="236" h="233" x="-4.253148" y="-40.230381">
   <element name="lettuce01" layername="lettuc" frame="0" z_index="2" m_a="0.721379" m_b="0.000000" m_c="0.000000" m_d="0.721379" m_tx="15.746852" m_ty="-20.730381"/>
  </frame>
  <frame idx="600" w="236" h="233" x="-4.253148" y="-40.230381">
   <element name="lettuce01" layername="lettuc" frame="0" z_index="2" m_a="0.721379" m_b="0.000000" m_c="0.000000" m_d="0.721379" m_tx="15.746852" m_ty="-20.730381"/>
  </frame>
  <frame idx="625" w="236" h="233" x="-4.253148" y="-40.230381">
   <element name="lettuce01" layername="lettuc" frame="0" z_index="2" m_a="0.721379" m_b="0.000000" m_c="0.000000" m_d="0.721379" m_tx="15.746852" m_ty="-20.730381"/>
  </frame>
  <frame idx="650" w="236" h="233" x="-4.253148" y="-40.230381">
   <element name="lettuce01" layername="lettuc" frame="0" z_index="2" m_a="0.721379" m_b="0.000000" m_c="0.000000" m_d="0.721379" m_tx="15.746852" m_ty="-20.730381"/>
  </frame>
  <frame idx="675" w="236" h="233" x="-4.253148" y="-40.230381">
   <element name="lettuce01" layername="lettuc" frame="0" z_index="2" m_a="0.721379" m_b="0.000000" m_c="0.000000" m_d="0.721379" m_tx="15.746852" m_ty="-20.730381"/>
  </frame>
  <frame idx="700" w="236" h="233" x="-4.253148" y="-40.230381">
   <element name="lettuce01" layername="lettuc" frame="0" z_index="2" m_a="0.721379" m_b="0.000000" m_c="0.000000" m_d="0.721379" m_tx="15.746852" m_ty="-20.730381"/>
  </frame>
  <frame idx="725" w="236" h="233" x="-4.253148" y="-40.230381">
   <element name="lettuce01" layername="lettuc" frame="0" z_index="2" m_a="0.721379" m_b="0.000000" m_c="0.000000" m_d="0.721379" m_tx="15.746852" m_ty="-20.730381"/>
  </frame>
  <frame idx="750" w="236" h="233" x="-4.253148" y="-40.230381">
   <element name="lettuce01" layername="lettuc" frame="0" z_index="2" m_a="0.721379" m_b="0.000000" m_c="0.000000" m_d="0.721379" m_tx="15.746852" m_ty="-20.730381"/>
  </frame>
  <frame idx="775" w="236" h="233" x="-4.253148" y="-40.230381">
   <element name="lettuce01" layername="lettuc" frame="0" z_index="2" m_a="0.721379" m_b="0.000000" m_c="0.000000" m_d="0.721379" m_tx="15.746852" m_ty="-20.730381"/>
  </frame>
  <frame idx="800" w="236" h="233" x="-4.253148" y="-40.230381">
   <element name="lettuce01" layername="lettuc" frame="0" z_index="2" m_a="0.721379" m_b="0.000000" m_c="0.000000" m_d="0.721379" m_tx="15.746852" m_ty="-20.730381"/>
  </frame>
  <frame idx="825" w="236" h="233" x="-4.253148" y="-40.230381">
   <element name="lettuce01" layername="lettuc" frame="0" z_index="2" m_a="0.721379" m_b="0.000000" m_c="0.000000" m_d="0.721379" m_tx="15.746852" m_ty="-20.730381"/>
  </frame>
  <frame idx="850" w="236" h="233" x="-4.253148" y="-40.230381">
   <element name="lettuce01" layername="lettuc" frame="0" z_index="2" m_a="0.721379" m_b="0.000000" m_c="0.000000" m_d="0.721379" m_tx="15.746852" m_ty="-20.730381"/>
  </frame>
  <frame idx="875" w="236" h="233" x="-4.253148" y="-40.230381">
   <element name="lettuce01" layername="lettuc" frame="0" z_index="2" m_a="0.721379" m_b="0.000000" m_c="0.000000" m_d="0.721379" m_tx="15.746852" m_ty="-20.730381"/>
  </frame>
  <frame idx="900" w="236" h="233" x="-4.253148" y="-40.230381">
   <element name="lettuce01" layername="lettuc" frame="0" z_index="2" m_a="0.721379" m_b="0.000000" m_c="0.000000" m_d="0.721379" m_tx="15.746852" m_ty="-20.730381"/>
  </frame>
  <frame idx="925" w="236" h="233" x="-4.253148" y="-40.230381">
   <element name="lettuce01" layername="lettuc" frame="0" z_index="2" m_a="0.721379" m_b="0.000000" m_c="0.000000" m_d="0.721379" m_tx="15.746852" m_ty="-20.730381"/>
  </frame>
  <frame idx="950" w="236" h="233" x="-4.253148" y="-40.230381">
   <element name="lettuce01" layername="lettuc" frame="0" z_index="2" m_a="0.721379" m_b="0.000000" m_c="0.000000" m_d="0.721379" m_tx="15.746852" m_ty="-20.730381"/>
  </frame>
  <frame idx="975" w="236" h="233" x="-4.253148" y="-40.230381">
   <element name="lettuce01" layername="lettuc" frame="0" z_index="2" m_a="0.721379" m_b="0.000000" m_c="0.000000" m_d="0.721379" m_tx="15.746852" m_ty="-20.730381"/>
  </frame>
 </anim>
 <anim name="cooked" root="lettuce" numframes="1000" framerate="40">
  <frame idx="0" w="208" h="75" x="-10.005840" y="-0.259561">
   <element name="lettuce01" layername="lettuc" frame="1" z_index="2" m_a="0.650332" m_b="0.000000" m_c="0.000000" m_d="0.650332" m_tx="7.494160" m_ty="6.240439"/>
  </frame>
  <frame idx="25" w="208" h="75" x="-10.005840" y="-0.259561">
   <element name="lettuce01" layername="lettuc" frame="1" z_index="2" m_a="0.650332" m_b="0.000000" m_c="0.000000" m_d="0.650332" m_tx="7.494160" m_ty="6.240439"/>
  </frame>
  <frame idx="50" w="208" h="75" x="-10.005840" y="-0.259561">
   <element name="lettuce01" layername="lettuc" frame="1" z_index="2" m_a="0.650332" m_b="0.000000" m_c="0.000000" m_d="0.650332" m_tx="7.494160" m_ty="6.240439"/>
  </frame>
  <frame idx="75" w="208" h="75" x="-10.005840" y="-0.259561">
   <element name="lettuce01" layername="lettuc" frame="1" z_index="2" m_a="0.650332" m_b="0.000000" m_c="0.000000" m_d="0.650332" m_tx="7.494160" m_ty="6.240439"/>
  </frame>
  <frame idx="100" w="208" h="75" x="-10.005840" y="-0.259561">
   <element name="lettuce01" layername="lettuc" frame="1" z_index="2" m_a="0.650332" m_b="0.000000" m_c="0.000000" m_d="0.650332" m_tx="7.494160" m_ty="6.240439"/>
  </frame>
  <frame idx="125" w="208" h="75" x="-10.005840" y="-0.259561">
   <element name="lettuce01" layername="lettuc" frame="1" z_index="2" m_a="0.650332" m_b="0.000000" m_c="0.000000" m_d="0.650332" m_tx="7.494160" m_ty="6.240439"/>
  </frame>
  <frame idx="150" w="208" h="75" x="-10.005840" y="-0.259561">
   <element name="lettuce01" layername="lettuc" frame="1" z_index="2" m_a="0.650332" m_b="0.000000" m_c="0.000000" m_d="0.650332" m_tx="7.494160" m_ty="6.240439"/>
  </frame>
  <frame idx="175" w="208" h="75" x="-10.005840" y="-0.259561">
   <element name="lettuce01" layername="lettuc" frame="1" z_index="2" m_a="0.650332" m_b="0.000000" m_c="0.000000" m_d="0.650332" m_tx="7.494160" m_ty="6.240439"/>
  </frame>
  <frame idx="200" w="208" h="75" x="-10.005840" y="-0.259561">
   <element name="lettuce01" layername="lettuc" frame="1" z_index="2" m_a="0.650332" m_b="0.000000" m_c="0.000000" m_d="0.650332" m_tx="7.494160" m_ty="6.240439"/>
  </frame>
  <frame idx="225" w="208" h="75" x="-10.005840" y="-0.259561">
   <element name="lettuce01" layername="lettuc" frame="1" z_index="2" m_a="0.650332" m_b="0.000000" m_c="0.000000" m_d="0.650332" m_tx="7.494160" m_ty="6.240439"/>
  </frame>
  <frame idx="250" w="208" h="75" x="-10.005840" y="-0.259561">
   <element name="lettuce01" layername="lettuc" frame="1" z_index="2" m_a="0.650332" m_b="0.000000" m_c="0.000000" m_d="0.650332" m_tx="7.494160" m_ty="6.240439"/>
  </frame>
  <frame idx="275" w="208" h="75" x="-10.005840" y="-0.259561">
   <element name="lettuce01" layername="lettuc" frame="1" z_index="2" m_a="0.650332" m_b="0.000000" m_c="0.000000" m_d="0.650332" m_tx="7.494160" m_ty="6.240439"/>
  </frame>
  <frame idx="300" w="208" h="75" x="-10.005840" y="-0.259561">
   <element name="lettuce01" layername="lettuc" frame="1" z_index="2" m_a="0.650332" m_b="0.000000" m_c="0.000000" m_d="0.650332" m_tx="7.494160" m_ty="6.240439"/>
  </frame>
  <frame idx="325" w="208" h="75" x="-10.005840" y="-0.259561">
   <element name="lettuce01" layername="lettuc" frame="1" z_index="2" m_a="0.650332" m_b="0.000000" m_c="0.000000" m_d="0.650332" m_tx="7.494160" m_ty="6.240439"/>
  </frame>
  <frame idx="350" w="208" h="75" x="-10.005840" y="-0.259561">
   <element name="lettuce01" layername="lettuc" frame="1" z_index="2" m_a="0.650332" m_b="0.000000" m_c="0.000000" m_d="0.650332" m_tx="7.494160" m_ty="6.240439"/>
  </frame>
  <frame idx="375" w="208" h="75" x="-10.005840" y="-0.259561">
   <element name="lettuce01" layername="lettuc" frame="1" z_index="2" m_a="0.650332" m_b="0.000000" m_c="0.000000" m_d="0.650332" m_tx="7.494160" m_ty="6.240439"/>
  </frame>
  <frame idx="400" w="208" h="75" x="-10.005840" y="-0.259561">
   <element name="lettuce01" layername="lettuc" frame="1" z_index="2" m_a="0.650332" m_b="0.000000" m_c="0.000000" m_d="0.650332" m_tx="7.494160" m_ty="6.240439"/>
  </frame>
  <frame idx="425" w="208" h="75" x="-10.005840" y="-0.259561">
   <element name="lettuce01" layername="lettuc" frame="1" z_index="2" m_a="0.650332" m_b="0.000000" m_c="0.000000" m_d="0.650332" m_tx="7.494160" m_ty="6.240439"/>
  </frame>
  <frame idx="450" w="208" h="75" x="-10.005840" y="-0.259561">
   <element name="lettuce01" layername="lettuc" frame="1" z_index="2" m_a="0.650332" m_b="0.000000" m_c="0.000000" m_d="0.650332" m_tx="7.494160" m_ty="6.240439"/>
  </frame>
  <frame idx="475" w="208" h="75" x="-10.005840" y="-0.259561">
   <element name="lettuce01" layername="lettuc" frame="1" z_index="2" m_a="0.650332" m_b="0.000000" m_c="0.000000" m_d="0.650332" m_tx="7.494160" m_ty="6.240439"/>
  </frame>
  <frame idx="500" w="208" h="75" x="-10.005840" y="-0.259561">
   <element name="lettuce01" layername="lettuc" frame="1" z_index="2" m_a="0.650332" m_b="0.000000" m_c="0.000000" m_d="0.650332" m_tx="7.494160" m_ty="6.240439"/>
  </frame>
  <frame idx="525" w="208" h="75" x="-10.005840" y="-0.259561">
   <element name="lettuce01" layername="lettuc" frame="1" z_index="2" m_a="0.650332" m_b="0.000000" m_c="0.000000" m_d="0.650332" m_tx="7.494160" m_ty="6.240439"/>
  </frame>
  <frame idx="550" w="208" h="75" x="-10.005840" y="-0.259561">
   <element name="lettuce01" layername="lettuc" frame="1" z_index="2" m_a="0.650332" m_b="0.000000" m_c="0.000000" m_d="0.650332" m_tx="7.494160" m_ty="6.240439"/>
  </frame>
  <frame idx="575" w="208" h="75" x="-10.005840" y="-0.259561">
   <element name="lettuce01" layername="lettuc" frame="1" z_index="2" m_a="0.650332" m_b="0.000000" m_c="0.000000" m_d="0.650332" m_tx="7.494160" m_ty="6.240439"/>
  </frame>
  <frame idx="600" w="208" h="75" x="-10.005840" y="-0.259561">
   <element name="lettuce01" layername="lettuc" frame="1" z_index="2" m_a="0.650332" m_b="0.000000" m_c="0.000000" m_d="0.650332" m_tx="7.494160" m_ty="6.240439"/>
  </frame>
  <frame idx="625" w="208" h="75" x="-10.005840" y="-0.259561">
   <element name="lettuce01" layername="lettuc" frame="1" z_index="2" m_a="0.650332" m_b="0.000000" m_c="0.000000" m_d="0.650332" m_tx="7.494160" m_ty="6.240439"/>
  </frame>
  <frame idx="650" w="208" h="75" x="-10.005840" y="-0.259561">
   <element name="lettuce01" layername="lettuc" frame="1" z_index="2" m_a="0.650332" m_b="0.000000" m_c="0.000000" m_d="0.650332" m_tx="7.494160" m_ty="6.240439"/>
  </frame>
  <frame idx="675" w="208" h="75" x="-10.005840" y="-0.259561">
   <element name="lettuce01" layername="lettuc" frame="1" z_index="2" m_a="0.650332" m_b="0.000000" m_c="0.000000" m_d="0.650332" m_tx="7.494160" m_ty="6.240439"/>
  </frame>
  <frame idx="700" w="208" h="75" x="-10.005840" y="-0.259561">
   <element name="lettuce01" layername="lettuc" frame="1" z_index="2" m_a="0.650332" m_b="0.000000" m_c="0.000000" m_d="0.650332" m_tx="7.494160" m_ty="6.240439"/>
  </frame>
  <frame idx="725" w="208" h="75" x="-10.005840" y="-0.259561">
   <element name="lettuce01" layername="lettuc" frame="1" z_index="2" m_a="0.650332" m_b="0.000000" m_c="0.000000" m_d="0.650332" m_tx="7.494160" m_ty="6.240439"/>
  </frame>
  <frame idx="750" w="208" h="75" x="-10.005840" y="-0.259561">
   <element name="lettuce01" layername="lettuc" frame="1" z_index="2" m_a="0.650332" m_b="0.000000" m_c="0.000000" m_d="0.650332" m_tx="7.494160" m_ty="6.240439"/>
  </frame>
  <frame idx="775" w="208" h="75" x="-10.005840" y="-0.259561">
   <element name="lettuce01" layername="lettuc" frame="1" z_index="2" m_a="0.650332" m_b="0.000000" m_c="0.000000" m_d="0.650332" m_tx="7.494160" m_ty="6.240439"/>
  </frame>
  <frame idx="800" w="208" h="75" x="-10.005840" y="-0.259561">
   <element name="lettuce01" layername="lettuc" frame="1" z_index="2" m_a="0.650332" m_b="0.000000" m_c="0.000000" m_d="0.650332" m_tx="7.494160" m_ty="6.240439"/>
  </frame>
  <frame idx="825" w="208" h="75" x="-10.005840" y="-0.259561">
   <element name="lettuce01" layername="lettuc" frame="1" z_index="2" m_a="0.650332" m_b="0.000000" m_c="0.000000" m_d="0.650332" m_tx="7.494160" m_ty="6.240439"/>
  </frame>
  <frame idx="850" w="208" h="75" x="-10.005840" y="-0.259561">
   <element name="lettuce01" layername="lettuc" frame="1" z_index="2" m_a="0.650332" m_b="0.000000" m_c="0.000000" m_d="0.650332" m_tx="7.494160" m_ty="6.240439"/>
  </frame>
  <frame idx="875" w="208" h="75" x="-10.005840" y="-0.259561">
   <element name="lettuce01" layername="lettuc" frame="1" z_index="2" m_a="0.650332" m_b="0.000000" m_c="0.000000" m_d="0.650332" m_tx="7.494160" m_ty="6.240439"/>
  </frame>
  <frame idx="900" w="208" h="75" x="-10.005840" y="-0.259561">
   <element name="lettuce01" layername="lettuc" frame="1" z_index="2" m_a="0.650332" m_b="0.000000" m_c="0.000000" m_d="0.650332" m_tx="7.494160" m_ty="6.240439"/>
  </frame>
  <frame idx="925" w="208" h="75" x="-10.005840" y="-0.259561">
   <element name="lettuce01" layername="lettuc" frame="1" z_index="2" m_a="0.650332" m_b="0.000000" m_c="0.000000" m_d="0.650332" m_tx="7.494160" m_ty="6.240439"/>
  </frame>
  <frame idx="950" w="208" h="75" x="-10.005840" y="-0.259561">
   <element name="lettuce01" layername="lettuc" frame="1" z_index="2" m_a="0.650332" m_b="0.000000" m_c="0.000000" m_d="0.650332" m_tx="7.494160" m_ty="6.240439"/>
  </frame>
  <frame idx="975" w="208" h="75" x="-10.005840" y="-0.259561">
   <element name="lettuce01" layername="lettuc" frame="1" z_index="2" m_a="0.650332" m_b="0.000000" m_c="0.000000" m_d="0.650332" m_tx="7.494160" m_ty="6.240439"/>
  </frame>
 </anim>
</Anims>
