<Anims>
 <anim name="idle_90s" root="broccoli" numframes="1000" framerate="40">
  <frame idx="0" w="10" h="229" x="1.304089" y="-15.634403">
   <element name="Project/broccoli01" layername="broccol" frame="0" z_index="2" m_a="0.690363" m_b="0.723463" m_c="-0.723463" m_d="0.690363" m_tx="13.000000" m_ty="-88.000000"/>
  </frame>
  <frame idx="25" w="10" h="229" x="1.304089" y="-15.634403">
   <element name="Project/broccoli01" layername="broccol" frame="0" z_index="2" m_a="0.690363" m_b="0.723463" m_c="-0.723463" m_d="0.690363" m_tx="13.000000" m_ty="-88.000000"/>
  </frame>
  <frame idx="50" w="10" h="229" x="1.304089" y="-15.634403">
   <element name="Project/broccoli01" layername="broccol" frame="0" z_index="2" m_a="0.690363" m_b="0.723463" m_c="-0.723463" m_d="0.690363" m_tx="13.000000" m_ty="-88.000000"/>
  </frame>
  <frame idx="75" w="10" h="229" x="1.304089" y="-15.634403">
   <element name="Project/broccoli01" layername="broccol" frame="0" z_index="2" m_a="0.690363" m_b="0.723463" m_c="-0.723463" m_d="0.690363" m_tx="13.000000" m_ty="-88.000000"/>
  </frame>
  <frame idx="100" w="10" h="229" x="1.304089" y="-15.634403">
   <element name="Project/broccoli01" layername="broccol" frame="0" z_index="2" m_a="0.690363" m_b="0.723463" m_c="-0.723463" m_d="0.690363" m_tx="13.000000" m_ty="-88.000000"/>
  </frame>
  <frame idx="125" w="10" h="229" x="1.304089" y="-15.634403">
   <element name="Project/broccoli01" layername="broccol" frame="0" z_index="2" m_a="0.690363" m_b="0.723463" m_c="-0.723463" m_d="0.690363" m_tx="13.000000" m_ty="-88.000000"/>
  </frame>
  <frame idx="150" w="10" h="229" x="1.304089" y="-15.634403">
   <element name="Project/broccoli01" layername="broccol" frame="0" z_index="2" m_a="0.690363" m_b="0.723463" m_c="-0.723463" m_d="0.690363" m_tx="13.000000" m_ty="-88.000000"/>
  </frame>
  <frame idx="175" w="10" h="229" x="1.304089" y="-15.634403">
   <element name="Project/broccoli01" layername="broccol" frame="0" z_index="2" m_a="0.690363" m_b="0.723463" m_c="-0.723463" m_d="0.690363" m_tx="13.000000" m_ty="-88.000000"/>
  </frame>
  <frame idx="200" w="10" h="229" x="1.304089" y="-15.634403">
   <element name="Project/broccoli01" layername="broccol" frame="0" z_index="2" m_a="0.690363" m_b="0.723463" m_c="-0.723463" m_d="0.690363" m_tx="13.000000" m_ty="-88.000000"/>
  </frame>
  <frame idx="225" w="10" h="229" x="1.304089" y="-15.634403">
   <element name="Project/broccoli01" layername="broccol" frame="0" z_index="2" m_a="0.690363" m_b="0.723463" m_c="-0.723463" m_d="0.690363" m_tx="13.000000" m_ty="-88.000000"/>
  </frame>
  <frame idx="250" w="10" h="229" x="1.304089" y="-15.634403">
   <element name="Project/broccoli01" layername="broccol" frame="0" z_index="2" m_a="0.690363" m_b="0.723463" m_c="-0.723463" m_d="0.690363" m_tx="13.000000" m_ty="-88.000000"/>
  </frame>
  <frame idx="275" w="10" h="229" x="1.304089" y="-15.634403">
   <element name="Project/broccoli01" layername="broccol" frame="0" z_index="2" m_a="0.690363" m_b="0.723463" m_c="-0.723463" m_d="0.690363" m_tx="13.000000" m_ty="-88.000000"/>
  </frame>
  <frame idx="300" w="10" h="229" x="1.304089" y="-15.634403">
   <element name="Project/broccoli01" layername="broccol" frame="0" z_index="2" m_a="0.690363" m_b="0.723463" m_c="-0.723463" m_d="0.690363" m_tx="13.000000" m_ty="-88.000000"/>
  </frame>
  <frame idx="325" w="10" h="229" x="1.304089" y="-15.634403">
   <element name="Project/broccoli01" layername="broccol" frame="0" z_index="2" m_a="0.690363" m_b="0.723463" m_c="-0.723463" m_d="0.690363" m_tx="13.000000" m_ty="-88.000000"/>
  </frame>
  <frame idx="350" w="10" h="229" x="1.304089" y="-15.634403">
   <element name="Project/broccoli01" layername="broccol" frame="0" z_index="2" m_a="0.690363" m_b="0.723463" m_c="-0.723463" m_d="0.690363" m_tx="13.000000" m_ty="-88.000000"/>
  </frame>
  <frame idx="375" w="10" h="229" x="1.304089" y="-15.634403">
   <element name="Project/broccoli01" layername="broccol" frame="0" z_index="2" m_a="0.690363" m_b="0.723463" m_c="-0.723463" m_d="0.690363" m_tx="13.000000" m_ty="-88.000000"/>
  </frame>
  <frame idx="400" w="10" h="229" x="1.304089" y="-15.634403">
   <element name="Project/broccoli01" layername="broccol" frame="0" z_index="2" m_a="0.690363" m_b="0.723463" m_c="-0.723463" m_d="0.690363" m_tx="13.000000" m_ty="-88.000000"/>
  </frame>
  <frame idx="425" w="10" h="229" x="1.304089" y="-15.634403">
   <element name="Project/broccoli01" layername="broccol" frame="0" z_index="2" m_a="0.690363" m_b="0.723463" m_c="-0.723463" m_d="0.690363" m_tx="13.000000" m_ty="-88.000000"/>
  </frame>
  <frame idx="450" w="10" h="229" x="1.304089" y="-15.634403">
   <element name="Project/broccoli01" layername="broccol" frame="0" z_index="2" m_a="0.690363" m_b="0.723463" m_c="-0.723463" m_d="0.690363" m_tx="13.000000" m_ty="-88.000000"/>
  </frame>
  <frame idx="475" w="10" h="229" x="1.304089" y="-15.634403">
   <element name="Project/broccoli01" layername="broccol" frame="0" z_index="2" m_a="0.690363" m_b="0.723463" m_c="-0.723463" m_d="0.690363" m_tx="13.000000" m_ty="-88.000000"/>
  </frame>
  <frame idx="500" w="10" h="229" x="1.304089" y="-15.634403">
   <element name="Project/broccoli01" layername="broccol" frame="0" z_index="2" m_a="0.690363" m_b="0.723463" m_c="-0.723463" m_d="0.690363" m_tx="13.000000" m_ty="-88.000000"/>
  </frame>
  <frame idx="525" w="10" h="229" x="1.304089" y="-15.634403">
   <element name="Project/broccoli01" layername="broccol" frame="0" z_index="2" m_a="0.690363" m_b="0.723463" m_c="-0.723463" m_d="0.690363" m_tx="13.000000" m_ty="-88.000000"/>
  </frame>
  <frame idx="550" w="10" h="229" x="1.304089" y="-15.634403">
   <element name="Project/broccoli01" layername="broccol" frame="0" z_index="2" m_a="0.690363" m_b="0.723463" m_c="-0.723463" m_d="0.690363" m_tx="13.000000" m_ty="-88.000000"/>
  </frame>
  <frame idx="575" w="10" h="229" x="1.304089" y="-15.634403">
   <element name="Project/broccoli01" layername="broccol" frame="0" z_index="2" m_a="0.690363" m_b="0.723463" m_c="-0.723463" m_d="0.690363" m_tx="13.000000" m_ty="-88.000000"/>
  </frame>
  <frame idx="600" w="10" h="229" x="1.304089" y="-15.634403">
   <element name="Project/broccoli01" layername="broccol" frame="0" z_index="2" m_a="0.690363" m_b="0.723463" m_c="-0.723463" m_d="0.690363" m_tx="13.000000" m_ty="-88.000000"/>
  </frame>
  <frame idx="625" w="10" h="229" x="1.304089" y="-15.634403">
   <element name="Project/broccoli01" layername="broccol" frame="0" z_index="2" m_a="0.690363" m_b="0.723463" m_c="-0.723463" m_d="0.690363" m_tx="13.000000" m_ty="-88.000000"/>
  </frame>
  <frame idx="650" w="10" h="229" x="1.304089" y="-15.634403">
   <element name="Project/broccoli01" layername="broccol" frame="0" z_index="2" m_a="0.690363" m_b="0.723463" m_c="-0.723463" m_d="0.690363" m_tx="13.000000" m_ty="-88.000000"/>
  </frame>
  <frame idx="675" w="10" h="229" x="1.304089" y="-15.634403">
   <element name="Project/broccoli01" layername="broccol" frame="0" z_index="2" m_a="0.690363" m_b="0.723463" m_c="-0.723463" m_d="0.690363" m_tx="13.000000" m_ty="-88.000000"/>
  </frame>
  <frame idx="700" w="10" h="229" x="1.304089" y="-15.634403">
   <element name="Project/broccoli01" layername="broccol" frame="0" z_index="2" m_a="0.690363" m_b="0.723463" m_c="-0.723463" m_d="0.690363" m_tx="13.000000" m_ty="-88.000000"/>
  </frame>
  <frame idx="725" w="10" h="229" x="1.304089" y="-15.634403">
   <element name="Project/broccoli01" layername="broccol" frame="0" z_index="2" m_a="0.690363" m_b="0.723463" m_c="-0.723463" m_d="0.690363" m_tx="13.000000" m_ty="-88.000000"/>
  </frame>
  <frame idx="750" w="10" h="229" x="1.304089" y="-15.634403">
   <element name="Project/broccoli01" layername="broccol" frame="0" z_index="2" m_a="0.690363" m_b="0.723463" m_c="-0.723463" m_d="0.690363" m_tx="13.000000" m_ty="-88.000000"/>
  </frame>
  <frame idx="775" w="10" h="229" x="1.304089" y="-15.634403">
   <element name="Project/broccoli01" layername="broccol" frame="0" z_index="2" m_a="0.690363" m_b="0.723463" m_c="-0.723463" m_d="0.690363" m_tx="13.000000" m_ty="-88.000000"/>
  </frame>
  <frame idx="800" w="10" h="229" x="1.304089" y="-15.634403">
   <element name="Project/broccoli01" layername="broccol" frame="0" z_index="2" m_a="0.690363" m_b="0.723463" m_c="-0.723463" m_d="0.690363" m_tx="13.000000" m_ty="-88.000000"/>
  </frame>
  <frame idx="825" w="10" h="229" x="1.304089" y="-15.634403">
   <element name="Project/broccoli01" layername="broccol" frame="0" z_index="2" m_a="0.690363" m_b="0.723463" m_c="-0.723463" m_d="0.690363" m_tx="13.000000" m_ty="-88.000000"/>
  </frame>
  <frame idx="850" w="10" h="229" x="1.304089" y="-15.634403">
   <element name="Project/broccoli01" layername="broccol" frame="0" z_index="2" m_a="0.690363" m_b="0.723463" m_c="-0.723463" m_d="0.690363" m_tx="13.000000" m_ty="-88.000000"/>
  </frame>
  <frame idx="875" w="10" h="229" x="1.304089" y="-15.634403">
   <element name="Project/broccoli01" layername="broccol" frame="0" z_index="2" m_a="0.690363" m_b="0.723463" m_c="-0.723463" m_d="0.690363" m_tx="13.000000" m_ty="-88.000000"/>
  </frame>
  <frame idx="900" w="10" h="229" x="1.304089" y="-15.634403">
   <element name="Project/broccoli01" layername="broccol" frame="0" z_index="2" m_a="0.690363" m_b="0.723463" m_c="-0.723463" m_d="0.690363" m_tx="13.000000" m_ty="-88.000000"/>
  </frame>
  <frame idx="925" w="10" h="229" x="1.304089" y="-15.634403">
   <element name="Project/broccoli01" layername="broccol" frame="0" z_index="2" m_a="0.690363" m_b="0.723463" m_c="-0.723463" m_d="0.690363" m_tx="13.000000" m_ty="-88.000000"/>
  </frame>
  <frame idx="950" w="10" h="229" x="1.304089" y="-15.634403">
   <element name="Project/broccoli01" layername="broccol" frame="0" z_index="2" m_a="0.690363" m_b="0.723463" m_c="-0.723463" m_d="0.690363" m_tx="13.000000" m_ty="-88.000000"/>
  </frame>
  <frame idx="975" w="10" h="229" x="1.304089" y="-15.634403">
   <element name="Project/broccoli01" layername="broccol" frame="0" z_index="2" m_a="0.690363" m_b="0.723463" m_c="-0.723463" m_d="0.690363" m_tx="13.000000" m_ty="-88.000000"/>
  </frame>
 </anim>
 <anim name="cooked_90s" root="broccoli" numframes="1000" framerate="40">
  <frame idx="0" w="174" h="280" x="12.719915" y="-48.164330">
   <element name="Project/broccoli01" layername="broccol" frame="1" z_index="2" m_a="0.990424" m_b="0.138059" m_c="-0.138059" m_d="0.990424" m_tx="-45.000000" m_ty="-115.000000"/>
  </frame>
  <frame idx="25" w="174" h="280" x="12.719915" y="-48.164330">
   <element name="Project/broccoli01" layername="broccol" frame="1" z_index="2" m_a="0.990424" m_b="0.138059" m_c="-0.138059" m_d="0.990424" m_tx="-45.000000" m_ty="-115.000000"/>
  </frame>
  <frame idx="50" w="174" h="280" x="12.719915" y="-48.164330">
   <element name="Project/broccoli01" layername="broccol" frame="1" z_index="2" m_a="0.990424" m_b="0.138059" m_c="-0.138059" m_d="0.990424" m_tx="-45.000000" m_ty="-115.000000"/>
  </frame>
  <frame idx="75" w="174" h="280" x="12.719915" y="-48.164330">
   <element name="Project/broccoli01" layername="broccol" frame="1" z_index="2" m_a="0.990424" m_b="0.138059" m_c="-0.138059" m_d="0.990424" m_tx="-45.000000" m_ty="-115.000000"/>
  </frame>
  <frame idx="100" w="174" h="280" x="12.719915" y="-48.164330">
   <element name="Project/broccoli01" layername="broccol" frame="1" z_index="2" m_a="0.990424" m_b="0.138059" m_c="-0.138059" m_d="0.990424" m_tx="-45.000000" m_ty="-115.000000"/>
  </frame>
  <frame idx="125" w="174" h="280" x="12.719915" y="-48.164330">
   <element name="Project/broccoli01" layername="broccol" frame="1" z_index="2" m_a="0.990424" m_b="0.138059" m_c="-0.138059" m_d="0.990424" m_tx="-45.000000" m_ty="-115.000000"/>
  </frame>
  <frame idx="150" w="174" h="280" x="12.719915" y="-48.164330">
   <element name="Project/broccoli01" layername="broccol" frame="1" z_index="2" m_a="0.990424" m_b="0.138059" m_c="-0.138059" m_d="0.990424" m_tx="-45.000000" m_ty="-115.000000"/>
  </frame>
  <frame idx="175" w="174" h="280" x="12.719915" y="-48.164330">
   <element name="Project/broccoli01" layername="broccol" frame="1" z_index="2" m_a="0.990424" m_b="0.138059" m_c="-0.138059" m_d="0.990424" m_tx="-45.000000" m_ty="-115.000000"/>
  </frame>
  <frame idx="200" w="174" h="280" x="12.719915" y="-48.164330">
   <element name="Project/broccoli01" layername="broccol" frame="1" z_index="2" m_a="0.990424" m_b="0.138059" m_c="-0.138059" m_d="0.990424" m_tx="-45.000000" m_ty="-115.000000"/>
  </frame>
  <frame idx="225" w="174" h="280" x="12.719915" y="-48.164330">
   <element name="Project/broccoli01" layername="broccol" frame="1" z_index="2" m_a="0.990424" m_b="0.138059" m_c="-0.138059" m_d="0.990424" m_tx="-45.000000" m_ty="-115.000000"/>
  </frame>
  <frame idx="250" w="174" h="280" x="12.719915" y="-48.164330">
   <element name="Project/broccoli01" layername="broccol" frame="1" z_index="2" m_a="0.990424" m_b="0.138059" m_c="-0.138059" m_d="0.990424" m_tx="-45.000000" m_ty="-115.000000"/>
  </frame>
  <frame idx="275" w="174" h="280" x="12.719915" y="-48.164330">
   <element name="Project/broccoli01" layername="broccol" frame="1" z_index="2" m_a="0.990424" m_b="0.138059" m_c="-0.138059" m_d="0.990424" m_tx="-45.000000" m_ty="-115.000000"/>
  </frame>
  <frame idx="300" w="174" h="280" x="12.719915" y="-48.164330">
   <element name="Project/broccoli01" layername="broccol" frame="1" z_index="2" m_a="0.990424" m_b="0.138059" m_c="-0.138059" m_d="0.990424" m_tx="-45.000000" m_ty="-115.000000"/>
  </frame>
  <frame idx="325" w="174" h="280" x="12.719915" y="-48.164330">
   <element name="Project/broccoli01" layername="broccol" frame="1" z_index="2" m_a="0.990424" m_b="0.138059" m_c="-0.138059" m_d="0.990424" m_tx="-45.000000" m_ty="-115.000000"/>
  </frame>
  <frame idx="350" w="174" h="280" x="12.719915" y="-48.164330">
   <element name="Project/broccoli01" layername="broccol" frame="1" z_index="2" m_a="0.990424" m_b="0.138059" m_c="-0.138059" m_d="0.990424" m_tx="-45.000000" m_ty="-115.000000"/>
  </frame>
  <frame idx="375" w="174" h="280" x="12.719915" y="-48.164330">
   <element name="Project/broccoli01" layername="broccol" frame="1" z_index="2" m_a="0.990424" m_b="0.138059" m_c="-0.138059" m_d="0.990424" m_tx="-45.000000" m_ty="-115.000000"/>
  </frame>
  <frame idx="400" w="174" h="280" x="12.719915" y="-48.164330">
   <element name="Project/broccoli01" layername="broccol" frame="1" z_index="2" m_a="0.990424" m_b="0.138059" m_c="-0.138059" m_d="0.990424" m_tx="-45.000000" m_ty="-115.000000"/>
  </frame>
  <frame idx="425" w="174" h="280" x="12.719915" y="-48.164330">
   <element name="Project/broccoli01" layername="broccol" frame="1" z_index="2" m_a="0.990424" m_b="0.138059" m_c="-0.138059" m_d="0.990424" m_tx="-45.000000" m_ty="-115.000000"/>
  </frame>
  <frame idx="450" w="174" h="280" x="12.719915" y="-48.164330">
   <element name="Project/broccoli01" layername="broccol" frame="1" z_index="2" m_a="0.990424" m_b="0.138059" m_c="-0.138059" m_d="0.990424" m_tx="-45.000000" m_ty="-115.000000"/>
  </frame>
  <frame idx="475" w="174" h="280" x="12.719915" y="-48.164330">
   <element name="Project/broccoli01" layername="broccol" frame="1" z_index="2" m_a="0.990424" m_b="0.138059" m_c="-0.138059" m_d="0.990424" m_tx="-45.000000" m_ty="-115.000000"/>
  </frame>
  <frame idx="500" w="174" h="280" x="12.719915" y="-48.164330">
   <element name="Project/broccoli01" layername="broccol" frame="1" z_index="2" m_a="0.990424" m_b="0.138059" m_c="-0.138059" m_d="0.990424" m_tx="-45.000000" m_ty="-115.000000"/>
  </frame>
  <frame idx="525" w="174" h="280" x="12.719915" y="-48.164330">
   <element name="Project/broccoli01" layername="broccol" frame="1" z_index="2" m_a="0.990424" m_b="0.138059" m_c="-0.138059" m_d="0.990424" m_tx="-45.000000" m_ty="-115.000000"/>
  </frame>
  <frame idx="550" w="174" h="280" x="12.719915" y="-48.164330">
   <element name="Project/broccoli01" layername="broccol" frame="1" z_index="2" m_a="0.990424" m_b="0.138059" m_c="-0.138059" m_d="0.990424" m_tx="-45.000000" m_ty="-115.000000"/>
  </frame>
  <frame idx="575" w="174" h="280" x="12.719915" y="-48.164330">
   <element name="Project/broccoli01" layername="broccol" frame="1" z_index="2" m_a="0.990424" m_b="0.138059" m_c="-0.138059" m_d="0.990424" m_tx="-45.000000" m_ty="-115.000000"/>
  </frame>
  <frame idx="600" w="174" h="280" x="12.719915" y="-48.164330">
   <element name="Project/broccoli01" layername="broccol" frame="1" z_index="2" m_a="0.990424" m_b="0.138059" m_c="-0.138059" m_d="0.990424" m_tx="-45.000000" m_ty="-115.000000"/>
  </frame>
  <frame idx="625" w="174" h="280" x="12.719915" y="-48.164330">
   <element name="Project/broccoli01" layername="broccol" frame="1" z_index="2" m_a="0.990424" m_b="0.138059" m_c="-0.138059" m_d="0.990424" m_tx="-45.000000" m_ty="-115.000000"/>
  </frame>
  <frame idx="650" w="174" h="280" x="12.719915" y="-48.164330">
   <element name="Project/broccoli01" layername="broccol" frame="1" z_index="2" m_a="0.990424" m_b="0.138059" m_c="-0.138059" m_d="0.990424" m_tx="-45.000000" m_ty="-115.000000"/>
  </frame>
  <frame idx="675" w="174" h="280" x="12.719915" y="-48.164330">
   <element name="Project/broccoli01" layername="broccol" frame="1" z_index="2" m_a="0.990424" m_b="0.138059" m_c="-0.138059" m_d="0.990424" m_tx="-45.000000" m_ty="-115.000000"/>
  </frame>
  <frame idx="700" w="174" h="280" x="12.719915" y="-48.164330">
   <element name="Project/broccoli01" layername="broccol" frame="1" z_index="2" m_a="0.990424" m_b="0.138059" m_c="-0.138059" m_d="0.990424" m_tx="-45.000000" m_ty="-115.000000"/>
  </frame>
  <frame idx="725" w="174" h="280" x="12.719915" y="-48.164330">
   <element name="Project/broccoli01" layername="broccol" frame="1" z_index="2" m_a="0.990424" m_b="0.138059" m_c="-0.138059" m_d="0.990424" m_tx="-45.000000" m_ty="-115.000000"/>
  </frame>
  <frame idx="750" w="174" h="280" x="12.719915" y="-48.164330">
   <element name="Project/broccoli01" layername="broccol" frame="1" z_index="2" m_a="0.990424" m_b="0.138059" m_c="-0.138059" m_d="0.990424" m_tx="-45.000000" m_ty="-115.000000"/>
  </frame>
  <frame idx="775" w="174" h="280" x="12.719915" y="-48.164330">
   <element name="Project/broccoli01" layername="broccol" frame="1" z_index="2" m_a="0.990424" m_b="0.138059" m_c="-0.138059" m_d="0.990424" m_tx="-45.000000" m_ty="-115.000000"/>
  </frame>
  <frame idx="800" w="174" h="280" x="12.719915" y="-48.164330">
   <element name="Project/broccoli01" layername="broccol" frame="1" z_index="2" m_a="0.990424" m_b="0.138059" m_c="-0.138059" m_d="0.990424" m_tx="-45.000000" m_ty="-115.000000"/>
  </frame>
  <frame idx="825" w="174" h="280" x="12.719915" y="-48.164330">
   <element name="Project/broccoli01" layername="broccol" frame="1" z_index="2" m_a="0.990424" m_b="0.138059" m_c="-0.138059" m_d="0.990424" m_tx="-45.000000" m_ty="-115.000000"/>
  </frame>
  <frame idx="850" w="174" h="280" x="12.719915" y="-48.164330">
   <element name="Project/broccoli01" layername="broccol" frame="1" z_index="2" m_a="0.990424" m_b="0.138059" m_c="-0.138059" m_d="0.990424" m_tx="-45.000000" m_ty="-115.000000"/>
  </frame>
  <frame idx="875" w="174" h="280" x="12.719915" y="-48.164330">
   <element name="Project/broccoli01" layername="broccol" frame="1" z_index="2" m_a="0.990424" m_b="0.138059" m_c="-0.138059" m_d="0.990424" m_tx="-45.000000" m_ty="-115.000000"/>
  </frame>
  <frame idx="900" w="174" h="280" x="12.719915" y="-48.164330">
   <element name="Project/broccoli01" layername="broccol" frame="1" z_index="2" m_a="0.990424" m_b="0.138059" m_c="-0.138059" m_d="0.990424" m_tx="-45.000000" m_ty="-115.000000"/>
  </frame>
  <frame idx="925" w="174" h="280" x="12.719915" y="-48.164330">
   <element name="Project/broccoli01" layername="broccol" frame="1" z_index="2" m_a="0.990424" m_b="0.138059" m_c="-0.138059" m_d="0.990424" m_tx="-45.000000" m_ty="-115.000000"/>
  </frame>
  <frame idx="950" w="174" h="280" x="12.719915" y="-48.164330">
   <element name="Project/broccoli01" layername="broccol" frame="1" z_index="2" m_a="0.990424" m_b="0.138059" m_c="-0.138059" m_d="0.990424" m_tx="-45.000000" m_ty="-115.000000"/>
  </frame>
  <frame idx="975" w="174" h="280" x="12.719915" y="-48.164330">
   <element name="Project/broccoli01" layername="broccol" frame="1" z_index="2" m_a="0.990424" m_b="0.138059" m_c="-0.138059" m_d="0.990424" m_tx="-45.000000" m_ty="-115.000000"/>
  </frame>
 </anim>
</Anims>
