<Anims>
 <anim name="idle" root="broccoli" numframes="1000" framerate="40">
  <frame idx="0" w="8" h="230" x="4.615522" y="-18.157749">
   <element name="broccoli01" layername="broccol" frame="0" z_index="2" m_a="0.684302" m_b="0.705911" m_c="-0.705911" m_d="0.684302" m_tx="11.205167" m_ty="1.342250"/>
  </frame>
  <frame idx="25" w="8" h="230" x="4.615522" y="-18.157749">
   <element name="broccoli01" layername="broccol" frame="0" z_index="2" m_a="0.684302" m_b="0.705911" m_c="-0.705911" m_d="0.684302" m_tx="11.205167" m_ty="1.342250"/>
  </frame>
  <frame idx="50" w="8" h="230" x="4.615522" y="-18.157749">
   <element name="broccoli01" layername="broccol" frame="0" z_index="2" m_a="0.684302" m_b="0.705911" m_c="-0.705911" m_d="0.684302" m_tx="11.205167" m_ty="1.342250"/>
  </frame>
  <frame idx="75" w="8" h="230" x="4.615522" y="-18.157749">
   <element name="broccoli01" layername="broccol" frame="0" z_index="2" m_a="0.684302" m_b="0.705911" m_c="-0.705911" m_d="0.684302" m_tx="11.205167" m_ty="1.342250"/>
  </frame>
  <frame idx="100" w="8" h="230" x="4.615522" y="-18.157749">
   <element name="broccoli01" layername="broccol" frame="0" z_index="2" m_a="0.684302" m_b="0.705911" m_c="-0.705911" m_d="0.684302" m_tx="11.205167" m_ty="1.342250"/>
  </frame>
  <frame idx="125" w="8" h="230" x="4.615522" y="-18.157749">
   <element name="broccoli01" layername="broccol" frame="0" z_index="2" m_a="0.684302" m_b="0.705911" m_c="-0.705911" m_d="0.684302" m_tx="11.205167" m_ty="1.342250"/>
  </frame>
  <frame idx="150" w="8" h="230" x="4.615522" y="-18.157749">
   <element name="broccoli01" layername="broccol" frame="0" z_index="2" m_a="0.684302" m_b="0.705911" m_c="-0.705911" m_d="0.684302" m_tx="11.205167" m_ty="1.342250"/>
  </frame>
  <frame idx="175" w="8" h="230" x="4.615522" y="-18.157749">
   <element name="broccoli01" layername="broccol" frame="0" z_index="2" m_a="0.684302" m_b="0.705911" m_c="-0.705911" m_d="0.684302" m_tx="11.205167" m_ty="1.342250"/>
  </frame>
  <frame idx="200" w="8" h="230" x="4.615522" y="-18.157749">
   <element name="broccoli01" layername="broccol" frame="0" z_index="2" m_a="0.684302" m_b="0.705911" m_c="-0.705911" m_d="0.684302" m_tx="11.205167" m_ty="1.342250"/>
  </frame>
  <frame idx="225" w="8" h="230" x="4.615522" y="-18.157749">
   <element name="broccoli01" layername="broccol" frame="0" z_index="2" m_a="0.684302" m_b="0.705911" m_c="-0.705911" m_d="0.684302" m_tx="11.205167" m_ty="1.342250"/>
  </frame>
  <frame idx="250" w="8" h="230" x="4.615522" y="-18.157749">
   <element name="broccoli01" layername="broccol" frame="0" z_index="2" m_a="0.684302" m_b="0.705911" m_c="-0.705911" m_d="0.684302" m_tx="11.205167" m_ty="1.342250"/>
  </frame>
  <frame idx="275" w="8" h="230" x="4.615522" y="-18.157749">
   <element name="broccoli01" layername="broccol" frame="0" z_index="2" m_a="0.684302" m_b="0.705911" m_c="-0.705911" m_d="0.684302" m_tx="11.205167" m_ty="1.342250"/>
  </frame>
  <frame idx="300" w="8" h="230" x="4.615522" y="-18.157749">
   <element name="broccoli01" layername="broccol" frame="0" z_index="2" m_a="0.684302" m_b="0.705911" m_c="-0.705911" m_d="0.684302" m_tx="11.205167" m_ty="1.342250"/>
  </frame>
  <frame idx="325" w="8" h="230" x="4.615522" y="-18.157749">
   <element name="broccoli01" layername="broccol" frame="0" z_index="2" m_a="0.684302" m_b="0.705911" m_c="-0.705911" m_d="0.684302" m_tx="11.205167" m_ty="1.342250"/>
  </frame>
  <frame idx="350" w="8" h="230" x="4.615522" y="-18.157749">
   <element name="broccoli01" layername="broccol" frame="0" z_index="2" m_a="0.684302" m_b="0.705911" m_c="-0.705911" m_d="0.684302" m_tx="11.205167" m_ty="1.342250"/>
  </frame>
  <frame idx="375" w="8" h="230" x="4.615522" y="-18.157749">
   <element name="broccoli01" layername="broccol" frame="0" z_index="2" m_a="0.684302" m_b="0.705911" m_c="-0.705911" m_d="0.684302" m_tx="11.205167" m_ty="1.342250"/>
  </frame>
  <frame idx="400" w="8" h="230" x="4.615522" y="-18.157749">
   <element name="broccoli01" layername="broccol" frame="0" z_index="2" m_a="0.684302" m_b="0.705911" m_c="-0.705911" m_d="0.684302" m_tx="11.205167" m_ty="1.342250"/>
  </frame>
  <frame idx="425" w="8" h="230" x="4.615522" y="-18.157749">
   <element name="broccoli01" layername="broccol" frame="0" z_index="2" m_a="0.684302" m_b="0.705911" m_c="-0.705911" m_d="0.684302" m_tx="11.205167" m_ty="1.342250"/>
  </frame>
  <frame idx="450" w="8" h="230" x="4.615522" y="-18.157749">
   <element name="broccoli01" layername="broccol" frame="0" z_index="2" m_a="0.684302" m_b="0.705911" m_c="-0.705911" m_d="0.684302" m_tx="11.205167" m_ty="1.342250"/>
  </frame>
  <frame idx="475" w="8" h="230" x="4.615522" y="-18.157749">
   <element name="broccoli01" layername="broccol" frame="0" z_index="2" m_a="0.684302" m_b="0.705911" m_c="-0.705911" m_d="0.684302" m_tx="11.205167" m_ty="1.342250"/>
  </frame>
  <frame idx="500" w="8" h="230" x="4.615522" y="-18.157749">
   <element name="broccoli01" layername="broccol" frame="0" z_index="2" m_a="0.684302" m_b="0.705911" m_c="-0.705911" m_d="0.684302" m_tx="11.205167" m_ty="1.342250"/>
  </frame>
  <frame idx="525" w="8" h="230" x="4.615522" y="-18.157749">
   <element name="broccoli01" layername="broccol" frame="0" z_index="2" m_a="0.684302" m_b="0.705911" m_c="-0.705911" m_d="0.684302" m_tx="11.205167" m_ty="1.342250"/>
  </frame>
  <frame idx="550" w="8" h="230" x="4.615522" y="-18.157749">
   <element name="broccoli01" layername="broccol" frame="0" z_index="2" m_a="0.684302" m_b="0.705911" m_c="-0.705911" m_d="0.684302" m_tx="11.205167" m_ty="1.342250"/>
  </frame>
  <frame idx="575" w="8" h="230" x="4.615522" y="-18.157749">
   <element name="broccoli01" layername="broccol" frame="0" z_index="2" m_a="0.684302" m_b="0.705911" m_c="-0.705911" m_d="0.684302" m_tx="11.205167" m_ty="1.342250"/>
  </frame>
  <frame idx="600" w="8" h="230" x="4.615522" y="-18.157749">
   <element name="broccoli01" layername="broccol" frame="0" z_index="2" m_a="0.684302" m_b="0.705911" m_c="-0.705911" m_d="0.684302" m_tx="11.205167" m_ty="1.342250"/>
  </frame>
  <frame idx="625" w="8" h="230" x="4.615522" y="-18.157749">
   <element name="broccoli01" layername="broccol" frame="0" z_index="2" m_a="0.684302" m_b="0.705911" m_c="-0.705911" m_d="0.684302" m_tx="11.205167" m_ty="1.342250"/>
  </frame>
  <frame idx="650" w="8" h="230" x="4.615522" y="-18.157749">
   <element name="broccoli01" layername="broccol" frame="0" z_index="2" m_a="0.684302" m_b="0.705911" m_c="-0.705911" m_d="0.684302" m_tx="11.205167" m_ty="1.342250"/>
  </frame>
  <frame idx="675" w="8" h="230" x="4.615522" y="-18.157749">
   <element name="broccoli01" layername="broccol" frame="0" z_index="2" m_a="0.684302" m_b="0.705911" m_c="-0.705911" m_d="0.684302" m_tx="11.205167" m_ty="1.342250"/>
  </frame>
  <frame idx="700" w="8" h="230" x="4.615522" y="-18.157749">
   <element name="broccoli01" layername="broccol" frame="0" z_index="2" m_a="0.684302" m_b="0.705911" m_c="-0.705911" m_d="0.684302" m_tx="11.205167" m_ty="1.342250"/>
  </frame>
  <frame idx="725" w="8" h="230" x="4.615522" y="-18.157749">
   <element name="broccoli01" layername="broccol" frame="0" z_index="2" m_a="0.684302" m_b="0.705911" m_c="-0.705911" m_d="0.684302" m_tx="11.205167" m_ty="1.342250"/>
  </frame>
  <frame idx="750" w="8" h="230" x="4.615522" y="-18.157749">
   <element name="broccoli01" layername="broccol" frame="0" z_index="2" m_a="0.684302" m_b="0.705911" m_c="-0.705911" m_d="0.684302" m_tx="11.205167" m_ty="1.342250"/>
  </frame>
  <frame idx="775" w="8" h="230" x="4.615522" y="-18.157749">
   <element name="broccoli01" layername="broccol" frame="0" z_index="2" m_a="0.684302" m_b="0.705911" m_c="-0.705911" m_d="0.684302" m_tx="11.205167" m_ty="1.342250"/>
  </frame>
  <frame idx="800" w="8" h="230" x="4.615522" y="-18.157749">
   <element name="broccoli01" layername="broccol" frame="0" z_index="2" m_a="0.684302" m_b="0.705911" m_c="-0.705911" m_d="0.684302" m_tx="11.205167" m_ty="1.342250"/>
  </frame>
  <frame idx="825" w="8" h="230" x="4.615522" y="-18.157749">
   <element name="broccoli01" layername="broccol" frame="0" z_index="2" m_a="0.684302" m_b="0.705911" m_c="-0.705911" m_d="0.684302" m_tx="11.205167" m_ty="1.342250"/>
  </frame>
  <frame idx="850" w="8" h="230" x="4.615522" y="-18.157749">
   <element name="broccoli01" layername="broccol" frame="0" z_index="2" m_a="0.684302" m_b="0.705911" m_c="-0.705911" m_d="0.684302" m_tx="11.205167" m_ty="1.342250"/>
  </frame>
  <frame idx="875" w="8" h="230" x="4.615522" y="-18.157749">
   <element name="broccoli01" layername="broccol" frame="0" z_index="2" m_a="0.684302" m_b="0.705911" m_c="-0.705911" m_d="0.684302" m_tx="11.205167" m_ty="1.342250"/>
  </frame>
  <frame idx="900" w="8" h="230" x="4.615522" y="-18.157749">
   <element name="broccoli01" layername="broccol" frame="0" z_index="2" m_a="0.684302" m_b="0.705911" m_c="-0.705911" m_d="0.684302" m_tx="11.205167" m_ty="1.342250"/>
  </frame>
  <frame idx="925" w="8" h="230" x="4.615522" y="-18.157749">
   <element name="broccoli01" layername="broccol" frame="0" z_index="2" m_a="0.684302" m_b="0.705911" m_c="-0.705911" m_d="0.684302" m_tx="11.205167" m_ty="1.342250"/>
  </frame>
  <frame idx="950" w="8" h="230" x="4.615522" y="-18.157749">
   <element name="broccoli01" layername="broccol" frame="0" z_index="2" m_a="0.684302" m_b="0.705911" m_c="-0.705911" m_d="0.684302" m_tx="11.205167" m_ty="1.342250"/>
  </frame>
  <frame idx="975" w="8" h="230" x="4.615522" y="-18.157749">
   <element name="broccoli01" layername="broccol" frame="0" z_index="2" m_a="0.684302" m_b="0.705911" m_c="-0.705911" m_d="0.684302" m_tx="11.205167" m_ty="1.342250"/>
  </frame>
 </anim>
 <anim name="cooked" root="broccoli" numframes="1000" framerate="40">
  <frame idx="0" w="174" h="226" x="10.784641" y="-44.587749">
   <element name="broccoli01" layername="broccol" frame="1" z_index="2" m_a="0.860531" m_b="0.000000" m_c="0.000000" m_d="0.860531" m_tx="25.284641" m_ty="-25.587749"/>
  </frame>
  <frame idx="25" w="174" h="226" x="10.784641" y="-44.587749">
   <element name="broccoli01" layername="broccol" frame="1" z_index="2" m_a="0.860531" m_b="0.000000" m_c="0.000000" m_d="0.860531" m_tx="25.284641" m_ty="-25.587749"/>
  </frame>
  <frame idx="50" w="174" h="226" x="10.784641" y="-44.587749">
   <element name="broccoli01" layername="broccol" frame="1" z_index="2" m_a="0.860531" m_b="0.000000" m_c="0.000000" m_d="0.860531" m_tx="25.284641" m_ty="-25.587749"/>
  </frame>
  <frame idx="75" w="174" h="226" x="10.784641" y="-44.587749">
   <element name="broccoli01" layername="broccol" frame="1" z_index="2" m_a="0.860531" m_b="0.000000" m_c="0.000000" m_d="0.860531" m_tx="25.284641" m_ty="-25.587749"/>
  </frame>
  <frame idx="100" w="174" h="226" x="10.784641" y="-44.587749">
   <element name="broccoli01" layername="broccol" frame="1" z_index="2" m_a="0.860531" m_b="0.000000" m_c="0.000000" m_d="0.860531" m_tx="25.284641" m_ty="-25.587749"/>
  </frame>
  <frame idx="125" w="174" h="226" x="10.784641" y="-44.587749">
   <element name="broccoli01" layername="broccol" frame="1" z_index="2" m_a="0.860531" m_b="0.000000" m_c="0.000000" m_d="0.860531" m_tx="25.284641" m_ty="-25.587749"/>
  </frame>
  <frame idx="150" w="174" h="226" x="10.784641" y="-44.587749">
   <element name="broccoli01" layername="broccol" frame="1" z_index="2" m_a="0.860531" m_b="0.000000" m_c="0.000000" m_d="0.860531" m_tx="25.284641" m_ty="-25.587749"/>
  </frame>
  <frame idx="175" w="174" h="226" x="10.784641" y="-44.587749">
   <element name="broccoli01" layername="broccol" frame="1" z_index="2" m_a="0.860531" m_b="0.000000" m_c="0.000000" m_d="0.860531" m_tx="25.284641" m_ty="-25.587749"/>
  </frame>
  <frame idx="200" w="174" h="226" x="10.784641" y="-44.587749">
   <element name="broccoli01" layername="broccol" frame="1" z_index="2" m_a="0.860531" m_b="0.000000" m_c="0.000000" m_d="0.860531" m_tx="25.284641" m_ty="-25.587749"/>
  </frame>
  <frame idx="225" w="174" h="226" x="10.784641" y="-44.587749">
   <element name="broccoli01" layername="broccol" frame="1" z_index="2" m_a="0.860531" m_b="0.000000" m_c="0.000000" m_d="0.860531" m_tx="25.284641" m_ty="-25.587749"/>
  </frame>
  <frame idx="250" w="174" h="226" x="10.784641" y="-44.587749">
   <element name="broccoli01" layername="broccol" frame="1" z_index="2" m_a="0.860531" m_b="0.000000" m_c="0.000000" m_d="0.860531" m_tx="25.284641" m_ty="-25.587749"/>
  </frame>
  <frame idx="275" w="174" h="226" x="10.784641" y="-44.587749">
   <element name="broccoli01" layername="broccol" frame="1" z_index="2" m_a="0.860531" m_b="0.000000" m_c="0.000000" m_d="0.860531" m_tx="25.284641" m_ty="-25.587749"/>
  </frame>
  <frame idx="300" w="174" h="226" x="10.784641" y="-44.587749">
   <element name="broccoli01" layername="broccol" frame="1" z_index="2" m_a="0.860531" m_b="0.000000" m_c="0.000000" m_d="0.860531" m_tx="25.284641" m_ty="-25.587749"/>
  </frame>
  <frame idx="325" w="174" h="226" x="10.784641" y="-44.587749">
   <element name="broccoli01" layername="broccol" frame="1" z_index="2" m_a="0.860531" m_b="0.000000" m_c="0.000000" m_d="0.860531" m_tx="25.284641" m_ty="-25.587749"/>
  </frame>
  <frame idx="350" w="174" h="226" x="10.784641" y="-44.587749">
   <element name="broccoli01" layername="broccol" frame="1" z_index="2" m_a="0.860531" m_b="0.000000" m_c="0.000000" m_d="0.860531" m_tx="25.284641" m_ty="-25.587749"/>
  </frame>
  <frame idx="375" w="174" h="226" x="10.784641" y="-44.587749">
   <element name="broccoli01" layername="broccol" frame="1" z_index="2" m_a="0.860531" m_b="0.000000" m_c="0.000000" m_d="0.860531" m_tx="25.284641" m_ty="-25.587749"/>
  </frame>
  <frame idx="400" w="174" h="226" x="10.784641" y="-44.587749">
   <element name="broccoli01" layername="broccol" frame="1" z_index="2" m_a="0.860531" m_b="0.000000" m_c="0.000000" m_d="0.860531" m_tx="25.284641" m_ty="-25.587749"/>
  </frame>
  <frame idx="425" w="174" h="226" x="10.784641" y="-44.587749">
   <element name="broccoli01" layername="broccol" frame="1" z_index="2" m_a="0.860531" m_b="0.000000" m_c="0.000000" m_d="0.860531" m_tx="25.284641" m_ty="-25.587749"/>
  </frame>
  <frame idx="450" w="174" h="226" x="10.784641" y="-44.587749">
   <element name="broccoli01" layername="broccol" frame="1" z_index="2" m_a="0.860531" m_b="0.000000" m_c="0.000000" m_d="0.860531" m_tx="25.284641" m_ty="-25.587749"/>
  </frame>
  <frame idx="475" w="174" h="226" x="10.784641" y="-44.587749">
   <element name="broccoli01" layername="broccol" frame="1" z_index="2" m_a="0.860531" m_b="0.000000" m_c="0.000000" m_d="0.860531" m_tx="25.284641" m_ty="-25.587749"/>
  </frame>
  <frame idx="500" w="174" h="226" x="10.784641" y="-44.587749">
   <element name="broccoli01" layername="broccol" frame="1" z_index="2" m_a="0.860531" m_b="0.000000" m_c="0.000000" m_d="0.860531" m_tx="25.284641" m_ty="-25.587749"/>
  </frame>
  <frame idx="525" w="174" h="226" x="10.784641" y="-44.587749">
   <element name="broccoli01" layername="broccol" frame="1" z_index="2" m_a="0.860531" m_b="0.000000" m_c="0.000000" m_d="0.860531" m_tx="25.284641" m_ty="-25.587749"/>
  </frame>
  <frame idx="550" w="174" h="226" x="10.784641" y="-44.587749">
   <element name="broccoli01" layername="broccol" frame="1" z_index="2" m_a="0.860531" m_b="0.000000" m_c="0.000000" m_d="0.860531" m_tx="25.284641" m_ty="-25.587749"/>
  </frame>
  <frame idx="575" w="174" h="226" x="10.784641" y="-44.587749">
   <element name="broccoli01" layername="broccol" frame="1" z_index="2" m_a="0.860531" m_b="0.000000" m_c="0.000000" m_d="0.860531" m_tx="25.284641" m_ty="-25.587749"/>
  </frame>
  <frame idx="600" w="174" h="226" x="10.784641" y="-44.587749">
   <element name="broccoli01" layername="broccol" frame="1" z_index="2" m_a="0.860531" m_b="0.000000" m_c="0.000000" m_d="0.860531" m_tx="25.284641" m_ty="-25.587749"/>
  </frame>
  <frame idx="625" w="174" h="226" x="10.784641" y="-44.587749">
   <element name="broccoli01" layername="broccol" frame="1" z_index="2" m_a="0.860531" m_b="0.000000" m_c="0.000000" m_d="0.860531" m_tx="25.284641" m_ty="-25.587749"/>
  </frame>
  <frame idx="650" w="174" h="226" x="10.784641" y="-44.587749">
   <element name="broccoli01" layername="broccol" frame="1" z_index="2" m_a="0.860531" m_b="0.000000" m_c="0.000000" m_d="0.860531" m_tx="25.284641" m_ty="-25.587749"/>
  </frame>
  <frame idx="675" w="174" h="226" x="10.784641" y="-44.587749">
   <element name="broccoli01" layername="broccol" frame="1" z_index="2" m_a="0.860531" m_b="0.000000" m_c="0.000000" m_d="0.860531" m_tx="25.284641" m_ty="-25.587749"/>
  </frame>
  <frame idx="700" w="174" h="226" x="10.784641" y="-44.587749">
   <element name="broccoli01" layername="broccol" frame="1" z_index="2" m_a="0.860531" m_b="0.000000" m_c="0.000000" m_d="0.860531" m_tx="25.284641" m_ty="-25.587749"/>
  </frame>
  <frame idx="725" w="174" h="226" x="10.784641" y="-44.587749">
   <element name="broccoli01" layername="broccol" frame="1" z_index="2" m_a="0.860531" m_b="0.000000" m_c="0.000000" m_d="0.860531" m_tx="25.284641" m_ty="-25.587749"/>
  </frame>
  <frame idx="750" w="174" h="226" x="10.784641" y="-44.587749">
   <element name="broccoli01" layername="broccol" frame="1" z_index="2" m_a="0.860531" m_b="0.000000" m_c="0.000000" m_d="0.860531" m_tx="25.284641" m_ty="-25.587749"/>
  </frame>
  <frame idx="775" w="174" h="226" x="10.784641" y="-44.587749">
   <element name="broccoli01" layername="broccol" frame="1" z_index="2" m_a="0.860531" m_b="0.000000" m_c="0.000000" m_d="0.860531" m_tx="25.284641" m_ty="-25.587749"/>
  </frame>
  <frame idx="800" w="174" h="226" x="10.784641" y="-44.587749">
   <element name="broccoli01" layername="broccol" frame="1" z_index="2" m_a="0.860531" m_b="0.000000" m_c="0.000000" m_d="0.860531" m_tx="25.284641" m_ty="-25.587749"/>
  </frame>
  <frame idx="825" w="174" h="226" x="10.784641" y="-44.587749">
   <element name="broccoli01" layername="broccol" frame="1" z_index="2" m_a="0.860531" m_b="0.000000" m_c="0.000000" m_d="0.860531" m_tx="25.284641" m_ty="-25.587749"/>
  </frame>
  <frame idx="850" w="174" h="226" x="10.784641" y="-44.587749">
   <element name="broccoli01" layername="broccol" frame="1" z_index="2" m_a="0.860531" m_b="0.000000" m_c="0.000000" m_d="0.860531" m_tx="25.284641" m_ty="-25.587749"/>
  </frame>
  <frame idx="875" w="174" h="226" x="10.784641" y="-44.587749">
   <element name="broccoli01" layername="broccol" frame="1" z_index="2" m_a="0.860531" m_b="0.000000" m_c="0.000000" m_d="0.860531" m_tx="25.284641" m_ty="-25.587749"/>
  </frame>
  <frame idx="900" w="174" h="226" x="10.784641" y="-44.587749">
   <element name="broccoli01" layername="broccol" frame="1" z_index="2" m_a="0.860531" m_b="0.000000" m_c="0.000000" m_d="0.860531" m_tx="25.284641" m_ty="-25.587749"/>
  </frame>
  <frame idx="925" w="174" h="226" x="10.784641" y="-44.587749">
   <element name="broccoli01" layername="broccol" frame="1" z_index="2" m_a="0.860531" m_b="0.000000" m_c="0.000000" m_d="0.860531" m_tx="25.284641" m_ty="-25.587749"/>
  </frame>
  <frame idx="950" w="174" h="226" x="10.784641" y="-44.587749">
   <element name="broccoli01" layername="broccol" frame="1" z_index="2" m_a="0.860531" m_b="0.000000" m_c="0.000000" m_d="0.860531" m_tx="25.284641" m_ty="-25.587749"/>
  </frame>
  <frame idx="975" w="174" h="226" x="10.784641" y="-44.587749">
   <element name="broccoli01" layername="broccol" frame="1" z_index="2" m_a="0.860531" m_b="0.000000" m_c="0.000000" m_d="0.860531" m_tx="25.284641" m_ty="-25.587749"/>
  </frame>
 </anim>
</Anims>
